{
  "human_hand_robot_frame_10d_min": [
    0.00443734135478735,
    0.23634666204452515,
    0.0,
    -0.3398140072822571,
    0.9344558715820312,
    -0.020783955231308937,
    0.9395833611488342,
    -0.042061615735292435,
    -0.20067241787910461,
    0.0
  ],
  "human_hand_robot_frame_10d_max": [
    0.37481874227523804,
    0.6229187250137329,
    0.1699516326189041,
    0.05801663175225258,
    1.0,
    0.2744044065475464,
    1.0,
    0.3384195566177368,
    0.16042593121528625,
    1.0
  ],
  "human_hand_robot_frame_10d_mean": [
    0.22114956277473571,
    0.4284178251148752,
    0.03833222221144053,
    -0.012738169483624672,
    0.9975886466211956,
    0.010179603971253523,
    0.9979691863609983,
    0.012952293515146662,
    -0.0013020553219315453,
    0.5767012687427913
  ],
  "human_hand_robot_frame_10d_std": [
    0.08565822433301265,
    0.10527593891163148,
    0.039222739074061416,
    0.053963831095497516,
    0.009700897904881838,
    0.03930399661353268,
    0.008647815417721947,
    0.054703709367916374,
    0.02864899878677713,
    0.4940818913634284
  ],
  "human_hand_robot_frame_10d_median": [
    0.23014916479587555,
    0.42647626996040344,
    0.028677303344011307,
    2.220446049250313e-16,
    1.0,
    0.0,
    1.0,
    -2.220446049250313e-16,
    1.2246468525851679e-16,
    1.0
  ],
  "_provenance": {
    "source_split": "train",
    "split_manifest_sha256": "1d3ef2377aa19938b06646f6d5fc31ec9f275fc9f37e253e1e9aa5eecdc5a968",
    "episode_count": 16,
    "task_count": 16,
    "tasks": [
      "cloth/cloth12",
      "cloth/cloth13",
      "cloth/cloth21",
      "cloth/cloth31",
      "grab_both_cubes_v1",
      "grab_cup_v1",
      "grab_pencil2_v1",
      "grab_pencil_v1",
      "grab_to_plate1_and_back_v1",
      "grab_to_plate2_and_back_v1",
      "grab_to_plate2_and_pull_v1",
      "grab_to_plate2_v1",
      "grab_two_cubes2_v1",
      "pull_plate_grab_cube",
      "pull_plate_v1",
      "push_box_common_v1"
    ],
    "frame_count": 7803,
    "heldout_data_used": false,
    "source_evidence_manifest_sha256": "bc7e0af72e310df0dba6c51f19d774644365f6501f86ece84ca0447fa4f98ff8",
    "generic_action_used": false,
    "role": "human_hand_pose_in_robot_frame"
  }
}
