{
  "robot_ee_observed_10d_min": [
    0.004437448922544718,
    0.2363467663526535,
    -7.600000344609725e-07,
    -0.3398115932941437,
    0.9344566464424133,
    -0.02078249491751194,
    0.9395837187767029,
    -0.04206226021051407,
    -0.20067240297794342,
    0.0
  ],
  "robot_ee_observed_10d_max": [
    0.37445953488349915,
    0.6229187250137329,
    0.16995097696781158,
    0.05801715329289436,
    1.0,
    0.2744050920009613,
    1.0,
    0.3384172320365906,
    0.16042566299438477,
    1.0
  ],
  "robot_ee_observed_10d_mean": [
    0.22153257834698228,
    0.4297137124220194,
    0.03912965152101541,
    -0.013027056027527642,
    0.9975643380855759,
    0.010240977175542482,
    0.9979363933184598,
    0.013289223085383052,
    -0.0015156983660329386,
    0.5515827245931052
  ],
  "robot_ee_observed_10d_std": [
    0.0851846141035551,
    0.10448519326316287,
    0.038474441742131986,
    0.05418560398942987,
    0.009704835600171874,
    0.03950374830085693,
    0.008631521521793263,
    0.05507197002900796,
    0.028924539181412863,
    0.4973321048590473
  ],
  "robot_ee_observed_10d_median": [
    0.23040063679218292,
    0.4284566342830658,
    0.03039628081023693,
    2.6631610694494157e-07,
    1.0,
    0.0,
    1.0,
    -2.6631610694494157e-07,
    -2.6631610694494157e-07,
    1.0
  ],
  "_provenance": {
    "source_split": "train",
    "split_manifest_sha256": "1d3ef2377aa19938b06646f6d5fc31ec9f275fc9f37e253e1e9aa5eecdc5a968",
    "episode_count": 16,
    "task_count": 16,
    "tasks": [
      "cloth/cloth12",
      "cloth/cloth13",
      "cloth/cloth21",
      "cloth/cloth31",
      "grab_both_cubes_v1",
      "grab_cup_v1",
      "grab_pencil2_v1",
      "grab_pencil_v1",
      "grab_to_plate1_and_back_v1",
      "grab_to_plate2_and_back_v1",
      "grab_to_plate2_and_pull_v1",
      "grab_to_plate2_v1",
      "grab_two_cubes2_v1",
      "pull_plate_grab_cube",
      "pull_plate_v1",
      "push_box_common_v1"
    ],
    "frame_count": 7803,
    "heldout_data_used": false,
    "source_evidence_manifest_sha256": "bc7e0af72e310df0dba6c51f19d774644365f6501f86ece84ca0447fa4f98ff8",
    "generic_action_used": false,
    "role": "observed_robot_ee_pose"
  }
}
