{
  "created_at_utc": "2026-07-13T10:00:01.434046+00:00",
  "future_state_transition_10d_count": 22896,
  "future_state_transition_10d_max": [
    0.05072838068008423,
    0.07294145226478577,
    0.051504455506801605,
    0.007724344730377197,
    0.003598451614379883,
    0.02161020040512085,
    0.0023058652877807617,
    0.01143907755613327,
    0.021087508648633957,
    1.0
  ],
  "future_state_transition_10d_mean": [
    5.6043079814071177e-05,
    0.0001428346706073989,
    4.040438385821807e-05,
    -2.2522115885414717e-05,
    -6.406976054549467e-06,
    2.3145341500135044e-05,
    -4.029467670672595e-06,
    2.6440372756148144e-05,
    -7.49450351906366e-06,
    0.0
  ],
  "future_state_transition_10d_min": [
    -0.04588836431503296,
    -0.09542280435562134,
    -0.07285417430102825,
    -0.012010455131530762,
    -0.003895580768585205,
    -0.01597873866558075,
    -0.003324747085571289,
    -0.007272899150848389,
    -0.03241437394171953,
    -1.0
  ],
  "future_state_transition_10d_std": [
    0.0024831448456938817,
    0.0032639964103297705,
    0.002967867167295121,
    0.0008618103204454497,
    0.0002361222042642812,
    0.0010793210409714878,
    0.00018622698948770418,
    0.0008365438356573184,
    0.0013792552442331786,
    0.0825434260906081
  ],
  "original_query_count": 954,
  "pool_action_10d_count": 22896,
  "pool_action_10d_max": [
    0.4019073247909546,
    0.6280448138713837,
    0.16633803769946098,
    0.05785746111558258,
    0.9999999999999647,
    0.2972092280437721,
    0.9999999999999292,
    0.37096503571167305,
    0.16039356326348655,
    1.0
  ],
  "pool_action_10d_mean": [
    0.22601434164423467,
    0.43285969828316,
    0.03682587951738307,
    -0.013710141981308026,
    0.9974005205137287,
    0.010646790709161585,
    0.9977976553678691,
    0.014021981862327592,
    -0.001857529573767821,
    0.8160814116002795
  ],
  "pool_action_10d_min": [
    0.00448255380615592,
    0.2259819209575653,
    -0.04714970434557131,
    -0.3689051138641876,
    0.9202907495502087,
    -0.01803001991164933,
    0.9286033492495277,
    -0.04194418818238894,
    -0.22326078823611972,
    0.0
  ],
  "pool_action_10d_std": [
    0.08643344884703905,
    0.10534938567436342,
    0.04001846141396461,
    0.056036271653548575,
    0.010316423505718254,
    0.0405510443609403,
    0.00918591539255191,
    0.057033280586610696,
    0.029369991744712567,
    0.3874177864280167
  ],
  "provenance": {
    "H_steps": 8,
    "K_steps": 8,
    "algorithm": "exact_ranked_training_examples_train_only_minmax_v1",
    "cell_id": "learned_training_checkpoint__M5B-RET-01__random__recap_hand_ret__seed20260711",
    "experiment_id": "M5B-RET-01",
    "heldout_data_used": false,
    "method_id": "recap_hand_ret",
    "query_weight_rule": "one_over_effective_k_sum_one",
    "retrieval_index_sha256": "9983bfadb38b33485e8e2c96383f2d818e001bf308d5d028ead024b3c945ec17",
    "retrieval_modality": "random",
    "seed": 20260711,
    "split": "train",
    "split_sha256": "1d3ef2377aa19938b06646f6d5fc31ec9f275fc9f37e253e1e9aa5eecdc5a968",
    "target_representation": "residual",
    "time_view_id": "nominal_camera_30hz_segmented",
    "variant_id": "random"
  },
  "query_bc_target_10d_count": 22896,
  "query_bc_target_10d_max": [
    0.37445953488349915,
    0.6229187250137329,
    0.16995097696781158,
    0.05801715329289436,
    1.0,
    0.2744050920009613,
    1.0,
    0.3384172320365906,
    0.16042566299438477,
    1.0
  ],
  "query_bc_target_10d_mean": [
    0.2230896906696838,
    0.43169330088011687,
    0.039644180305160454,
    -0.013197760003405551,
    0.9975401120615706,
    0.010257060683630765,
    0.997909134507679,
    0.013443055505412624,
    -0.0014295454918814303,
    0.5415356394129979
  ],
  "query_bc_target_10d_min": [
    0.004437448922544718,
    0.2363467663526535,
    -7.600000344609725e-07,
    -0.3398115932941437,
    0.9344566464424133,
    -0.02078249491751194,
    0.9395837187767029,
    -0.04206226021051407,
    -0.20067240297794342,
    0.0
  ],
  "query_bc_target_10d_std": [
    0.0852636965004575,
    0.10445763725244668,
    0.03847504802970388,
    0.054606127964454826,
    0.009741817460604712,
    0.0394664987387391,
    0.008695053594996636,
    0.05544045185300345,
    0.029074940935102257,
    0.49827180399718646
  ],
  "ranked_example_count": 2862,
  "residual_10d_count": 22896,
  "residual_10d_max": [
    0.13357657194137573,
    0.13658395409584045,
    0.1313170837238431,
    0.06655866472455008,
    0.025916394600930537,
    0.08278406755812318,
    0.019407631120852864,
    0.0746246529792113,
    0.09379993584076815,
    1.0
  ],
  "residual_10d_mean": [
    -0.002924650974550879,
    -0.0011663974030431462,
    0.0028183007877772225,
    0.000512381977902089,
    0.00013959154791501216,
    -0.0003897300255307966,
    0.00011147913992588916,
    -0.0005789263569141125,
    0.0004279840818863564,
    -0.2745457721872816
  ],
  "residual_10d_min": [
    -0.10740026831626892,
    -0.14849689602851868,
    -0.12543977051973343,
    -0.07835193736821149,
    -0.017563505697800297,
    -0.09409641571941002,
    -0.012194361177835567,
    -0.0644376576696277,
    -0.11962115421727407,
    -1.0
  ],
  "residual_10d_std": [
    0.014737096741415531,
    0.014731249123657118,
    0.015407561223197091,
    0.005707585620445532,
    0.0016577045113144017,
    0.005869911477128476,
    0.0013781372982807573,
    0.006060988858807347,
    0.006848574789589569,
    0.6221442541102201
  ],
  "residual_norm_p99": 1.004530303038331,
  "schema_version": "human2robot-m5b-p2-train-statistics-v1"
}
