{
  "created_at_utc": "2026-07-13T14:49:16.021784+00:00",
  "future_state_transition_10d_count": 5328,
  "future_state_transition_10d_max": [
    0.06543733179569244,
    0.11633121967315674,
    0.08716079825535417,
    0.028623908758163452,
    0.011553466320037842,
    0.04827480763196945,
    0.008237838745117188,
    0.04164724051952362,
    0.050829194486141205,
    1.0
  ],
  "future_state_transition_10d_mean": [
    -1.3121293281560187e-05,
    0.0006153209375458078,
    2.404114086995576e-05,
    -0.00011753708289764209,
    -1.967369436143755e-05,
    3.8447307892794356e-05,
    -1.784340218380765e-05,
    0.00013177040504933727,
    -3.621697273362737e-05,
    -0.0005630630630630631
  ],
  "future_state_transition_10d_min": [
    -0.06653659045696259,
    -0.0822276771068573,
    -0.08481368515640497,
    -0.043761201202869415,
    -0.011120438575744629,
    -0.052339911460876465,
    -0.006981015205383301,
    -0.027209341526031494,
    -0.09790333453565836,
    -1.0
  ],
  "future_state_transition_10d_std": [
    0.007794331090520119,
    0.009965746405542264,
    0.008693387259936344,
    0.0032931851858423885,
    0.00085076596053227,
    0.0036297052497796366,
    0.0007039861425778824,
    0.0032317163042343815,
    0.00516909599102179,
    0.16151864148939277
  ],
  "original_query_count": 223,
  "pool_action_10d_count": 5328,
  "pool_action_10d_max": [
    0.4827587157487869,
    0.8201717883348465,
    0.24729330092668533,
    0.1154923785711391,
    0.9999999999999647,
    0.38119005356017793,
    0.9999999999999292,
    0.37965475918498515,
    0.26129615914783566,
    1.0
  ],
  "pool_action_10d_mean": [
    0.225488495738291,
    0.44002369471599123,
    0.04045694794651903,
    -0.014023511113632902,
    0.9972299473695772,
    0.010016449433502978,
    0.9975194411040861,
    0.01404568456501947,
    -0.0005854142504348056,
    0.493993993993994
  ],
  "pool_action_10d_min": [
    -0.027649616822600365,
    0.056393444538116455,
    -0.12182802681156701,
    -0.38460728477454575,
    0.882499940274171,
    -0.05103838356285707,
    0.8908308460793641,
    -0.08319085925930755,
    -0.45342407528279377,
    0.0
  ],
  "pool_action_10d_std": [
    0.09085325955352137,
    0.11239510351310616,
    0.04910855520996217,
    0.05852063642679576,
    0.01104279662110356,
    0.04109544623306664,
    0.010128809792561576,
    0.05869269807766978,
    0.03478383330382244,
    0.4999639265905837
  ],
  "provenance": {
    "H_steps": 8,
    "K_steps": 8,
    "algorithm": "exact_ranked_training_examples_train_only_minmax_v1",
    "cell_id": "learned_training_checkpoint__M5B-TIME-01__paper_v2_stride4_nominal7p5__recap_hand_ret__seed20260712",
    "experiment_id": "M5B-TIME-01",
    "heldout_data_used": false,
    "method_id": "recap_hand_ret",
    "query_weight_rule": "one_over_effective_k_sum_one",
    "retrieval_index_sha256": "89247c6b3a04d9f0645dbdc7d6f95d9663c35d0d0ddec47a8dce92b5e80e7fc9",
    "retrieval_modality": "phase",
    "seed": 20260712,
    "split": "train",
    "split_sha256": "1d3ef2377aa19938b06646f6d5fc31ec9f275fc9f37e253e1e9aa5eecdc5a968",
    "target_representation": "residual",
    "time_view_id": "paper_v2_stride4_nominal7p5",
    "variant_id": "paper_v2_stride4_nominal7p5"
  },
  "query_bc_target_10d_count": 5328,
  "query_bc_target_10d_max": [
    0.37445953488349915,
    0.6229187250137329,
    0.16995097696781158,
    0.05779694765806198,
    1.0,
    0.2744041383266449,
    1.0,
    0.33825814723968506,
    0.16042566299438477,
    1.0
  ],
  "query_bc_target_10d_mean": [
    0.22669122802592148,
    0.4378292625098749,
    0.040931346803138126,
    -0.014107365006695063,
    0.9973952003360331,
    0.010589944122715368,
    0.9977662432771008,
    0.014345236737146291,
    -0.0013506973421190892,
    0.511448948948949
  ],
  "query_bc_target_10d_min": [
    0.004438125994056463,
    0.2363520711660385,
    -7.140000093386334e-07,
    -0.33965009450912476,
    0.9345071911811829,
    -0.02078249491751194,
    0.9395837187767029,
    -0.041863083839416504,
    -0.2006566822528839,
    0.0
  ],
  "query_bc_target_10d_std": [
    0.08583924686313973,
    0.10346321176972545,
    0.038565674336619414,
    0.05640070881735989,
    0.010033688024856753,
    0.04012399179157421,
    0.008977239927642534,
    0.057242473324615656,
    0.029960343635000043,
    0.49986890438190124
  ],
  "ranked_example_count": 666,
  "residual_10d_count": 5328,
  "residual_10d_max": [
    0.20634247362613678,
    0.47308777272701263,
    0.2220213932199151,
    0.13996915731394077,
    0.06601674138966473,
    0.21528044218970943,
    0.10805955385349719,
    0.1844844580005595,
    0.42332750339029385,
    1.0
  ],
  "residual_10d_mean": [
    0.001202732287630489,
    -0.0021944322061162812,
    0.0004743988566189899,
    -8.385389306217434e-05,
    0.00016525296647853133,
    0.0005734946892123792,
    0.0002468021730699684,
    0.00029955217212695323,
    -0.0007652830916842796,
    0.017454954954954954
  ],
  "residual_10d_min": [
    -0.154689222574234,
    -0.4625595062971115,
    -0.23149714060127735,
    -0.18751499707304525,
    -0.03944333699936542,
    -0.22059055361930574,
    -0.022497519963385226,
    -0.1392252468772303,
    -0.24888506878184702,
    -1.0
  ],
  "residual_10d_std": [
    0.035637185692176075,
    0.05307119790363267,
    0.040034366237950245,
    0.013886902802161096,
    0.0044077126673381425,
    0.01866651662474769,
    0.003974631735338417,
    0.013558431396659132,
    0.026463573515947626,
    0.5778988634002641
  ],
  "residual_norm_p99": 1.035348581599404,
  "schema_version": "human2robot-m5b-p2-train-statistics-v1"
}
