{
  "created_at_utc": "2026-07-13T09:48:32.496842+00:00",
  "future_state_transition_10d_count": 22896,
  "future_state_transition_10d_max": [
    0.05072838068008423,
    0.07294145226478577,
    0.051504455506801605,
    0.007724344730377197,
    0.003598451614379883,
    0.02161020040512085,
    0.0023058652877807617,
    0.01143907755613327,
    0.021087508648633957,
    1.0
  ],
  "future_state_transition_10d_mean": [
    5.6043079814071177e-05,
    0.0001428346706073989,
    4.040438385821807e-05,
    -2.2522115885414717e-05,
    -6.406976054549467e-06,
    2.3145341500135044e-05,
    -4.029467670672595e-06,
    2.6440372756148144e-05,
    -7.49450351906366e-06,
    0.0
  ],
  "future_state_transition_10d_min": [
    -0.04588836431503296,
    -0.09542280435562134,
    -0.07285417430102825,
    -0.012010455131530762,
    -0.003895580768585205,
    -0.01597873866558075,
    -0.003324747085571289,
    -0.007272899150848389,
    -0.03241437394171953,
    -1.0
  ],
  "future_state_transition_10d_std": [
    0.0024831448456938817,
    0.0032639964103297705,
    0.002967867167295121,
    0.0008618103204454497,
    0.0002361222042642812,
    0.0010793210409714878,
    0.00018622698948770418,
    0.0008365438356573184,
    0.0013792552442331786,
    0.0825434260906081
  ],
  "original_query_count": 954,
  "pool_action_10d_count": 22896,
  "pool_action_10d_max": [
    0.3741997480392456,
    0.6229186058044434,
    0.16524049639701843,
    0.05785746111558257,
    0.9999999999999649,
    0.274283942347918,
    0.9999999999999294,
    0.3381908019179014,
    0.16039356326348644,
    1.0
  ],
  "pool_action_10d_mean": [
    0.2228320949052927,
    0.43104197981472536,
    0.03937727665799589,
    -0.01307826751610242,
    0.9975736543517004,
    0.010144127921915195,
    0.9979302892133854,
    0.013306308921566552,
    -0.0013963745603107877,
    0.5377358490566038
  ],
  "pool_action_10d_min": [
    0.00448255380615592,
    0.23634865880012512,
    -5.67000029150222e-07,
    -0.3395845357673856,
    0.9345624622107719,
    -0.018030019911649358,
    0.9395837177413925,
    -0.0419441881823889,
    -0.20011238235002485,
    0.0
  ],
  "pool_action_10d_std": [
    0.08529291544724675,
    0.10459952955650875,
    0.03841485423801706,
    0.05434682201542389,
    0.00964749446150226,
    0.039066718808550956,
    0.00864259759815147,
    0.05512323560874318,
    0.02903212969226182,
    0.4985739721405139
  ],
  "provenance": {
    "H_steps": 8,
    "K_steps": 8,
    "algorithm": "exact_ranked_training_examples_train_only_minmax_v1",
    "cell_id": "learned_training_checkpoint__M5B-MAIN-01__frozen_main__no_retrieval__seed20260713",
    "experiment_id": "M5B-MAIN-01",
    "heldout_data_used": false,
    "method_id": "no_retrieval",
    "query_weight_rule": "one_over_effective_k_sum_one",
    "retrieval_index_sha256": "e96c6f87a6a2743de5248c537f0414ef78c72a96d87a43f7db4a555a2a549ab9",
    "retrieval_modality": "phase",
    "seed": 20260713,
    "split": "train",
    "split_sha256": "1d3ef2377aa19938b06646f6d5fc31ec9f275fc9f37e253e1e9aa5eecdc5a968",
    "target_representation": "absolute",
    "time_view_id": "nominal_camera_30hz_segmented",
    "variant_id": "frozen_main"
  },
  "query_bc_target_10d_count": 22896,
  "query_bc_target_10d_max": [
    0.37445953488349915,
    0.6229187250137329,
    0.16995097696781158,
    0.05801715329289436,
    1.0,
    0.2744050920009613,
    1.0,
    0.3384172320365906,
    0.16042566299438477,
    1.0
  ],
  "query_bc_target_10d_mean": [
    0.2230896906696838,
    0.43169330088011687,
    0.039644180305160454,
    -0.013197760003405551,
    0.9975401120615706,
    0.010257060683630765,
    0.997909134507679,
    0.013443055505412624,
    -0.0014295454918814303,
    0.5415356394129979
  ],
  "query_bc_target_10d_min": [
    0.004437448922544718,
    0.2363467663526535,
    -7.600000344609725e-07,
    -0.3398115932941437,
    0.9344566464424133,
    -0.02078249491751194,
    0.9395837187767029,
    -0.04206226021051407,
    -0.20067240297794342,
    0.0
  ],
  "query_bc_target_10d_std": [
    0.0852636965004575,
    0.10445763725244668,
    0.03847504802970388,
    0.054606127964454826,
    0.009741817460604712,
    0.0394664987387391,
    0.008695053594996636,
    0.05544045185300345,
    0.029074940935102257,
    0.49827180399718646
  ],
  "ranked_example_count": 2862,
  "residual_10d_count": 22896,
  "residual_10d_max": [
    0.11377604305744171,
    0.1336069405078888,
    0.09549951553344727,
    0.03419175327805338,
    0.017441088564467466,
    0.06969250631816766,
    0.010927329296349986,
    0.07462465297921131,
    0.07323343403278058,
    1.0
  ],
  "residual_10d_mean": [
    0.0002575957643910774,
    0.0006513210653915095,
    0.0002669036471644196,
    -0.0001194924873034322,
    -3.3542290056726215e-05,
    0.00011293276171560649,
    -2.1154705590906392e-05,
    0.00013674658384691294,
    -3.317093157063509e-05,
    0.00379979035639413
  ],
  "residual_10d_min": [
    -0.07606600224971771,
    -0.14864525198936462,
    -0.09243374690413475,
    -0.07835193736821147,
    -0.017563505697799853,
    -0.07170662430032343,
    -0.010472474113064623,
    -0.03199217994847253,
    -0.11962115421727404,
    -1.0
  ],
  "residual_10d_std": [
    0.00951898181099026,
    0.011768719808022786,
    0.01016909510372197,
    0.003954940191783971,
    0.0009987336545822583,
    0.00448770478677588,
    0.0008199180809580651,
    0.003858232458652014,
    0.006099228959569569,
    0.16622969685758948
  ],
  "residual_norm_p99": 1.0000151092000458,
  "schema_version": "human2robot-m5b-p2-train-statistics-v1"
}
