{
  "created_at_utc": "2026-07-13T09:58:34.435816+00:00",
  "future_state_transition_10d_count": 22632,
  "future_state_transition_10d_max": [
    0.08427375555038452,
    0.11871853470802307,
    0.09076248109340668,
    0.026567019522190094,
    0.007803440093994141,
    0.04827480763196945,
    0.010023057460784912,
    0.05258079618215561,
    0.058589253574609756,
    1.0
  ],
  "future_state_transition_10d_mean": [
    8.273669692597817e-05,
    0.00021964335105009576,
    7.801263740566986e-05,
    -3.738484542973062e-05,
    -1.0629900566214342e-05,
    3.675607248201166e-05,
    -6.953240515444969e-06,
    4.3307659564082004e-05,
    -1.2408940415794827e-05,
    0.00039766702014846237
  ],
  "future_state_transition_10d_min": [
    -0.04588836431503296,
    -0.09542280435562134,
    -0.07285417430102825,
    -0.055291347205638885,
    -0.009662926197052002,
    -0.032156988978385925,
    -0.008534610271453857,
    -0.02691841498017311,
    -0.11559803411364555,
    -1.0
  ],
  "future_state_transition_10d_std": [
    0.004129249620325172,
    0.005238260141318474,
    0.004705272832672629,
    0.0016614948831331195,
    0.00041912496464104623,
    0.0019032179416848239,
    0.00034968070446155484,
    0.0016171013584548293,
    0.002659612404807931,
    0.09836872479543575
  ],
  "original_query_count": 943,
  "pool_action_10d_count": 22632,
  "pool_action_10d_max": [
    0.46416617929935455,
    0.7400889098644257,
    0.29821455106139183,
    0.08423125438949819,
    0.9999999999999647,
    0.3707616257416508,
    0.9999999999999292,
    0.3648342469403426,
    0.20481127319335746,
    1.0
  ],
  "pool_action_10d_mean": [
    0.22340683228301791,
    0.4323782792460396,
    0.03969723816223259,
    -0.01327788243038514,
    0.9974702600639437,
    0.010286367529320325,
    0.9978032016311067,
    0.013505117052005819,
    -0.001291665469505317,
    0.5579710144927537
  ],
  "pool_action_10d_min": [
    -0.004635856952518225,
    0.1290072500705719,
    -0.06845218238830597,
    -0.36816479981968403,
    0.9120873481934899,
    -0.0654928368015183,
    0.9286264130078287,
    -0.06583240642689743,
    -0.3161869935688047,
    0.0
  ],
  "pool_action_10d_std": [
    0.08729254939304142,
    0.10689460977399756,
    0.04192897300177002,
    0.055118193558217676,
    0.010046331149149927,
    0.04039832593862659,
    0.009089174955031601,
    0.055920020311145714,
    0.031544452059011935,
    0.4966279910341692
  ],
  "provenance": {
    "H_steps": 8,
    "K_steps": 8,
    "algorithm": "exact_ranked_training_examples_train_only_minmax_v1",
    "cell_id": "learned_training_checkpoint__M5B-ACTION-01__raw_human_plan_plus_lag_calibrated_query_diagnostic__recap_hand_ret__seed20260712",
    "experiment_id": "M5B-ACTION-01",
    "heldout_data_used": false,
    "method_id": "recap_hand_ret",
    "query_weight_rule": "one_over_effective_k_sum_one",
    "retrieval_index_sha256": "85a94d8316a41be45cfd603a4d2f72971178e6c059d6765857570100b926d4c1",
    "retrieval_modality": "phase",
    "seed": 20260712,
    "split": "train",
    "split_sha256": "1d3ef2377aa19938b06646f6d5fc31ec9f275fc9f37e253e1e9aa5eecdc5a968",
    "target_representation": "residual",
    "time_view_id": "nominal_camera_30hz_segmented",
    "variant_id": "raw_human_plan_plus_lag_calibrated_query_diagnostic"
  },
  "query_bc_target_10d_count": 22632,
  "query_bc_target_10d_max": [
    0.37445953488349915,
    0.6229187250137329,
    0.16995097696781158,
    0.05801715329289436,
    1.0,
    0.2744050920009613,
    1.0,
    0.3384172320365906,
    0.16042566299438477,
    1.0
  ],
  "query_bc_target_10d_mean": [
    0.2236356303581725,
    0.4327904620086369,
    0.04002001420949222,
    -0.013438984637779714,
    0.9974857413408486,
    0.010471353888685375,
    0.9978686666327469,
    0.013703224706762551,
    -0.0014776540483911196,
    0.53618769883351
  ],
  "query_bc_target_10d_min": [
    0.004437448922544718,
    0.2363467663526535,
    -7.600000344609725e-07,
    -0.3398115932941437,
    0.9344566464424133,
    -0.02078249491751194,
    0.9395837187767029,
    -0.04206226021051407,
    -0.20067240297794342,
    0.0
  ],
  "query_bc_target_10d_std": [
    0.08539281448248534,
    0.10439019908202135,
    0.03852926153466532,
    0.05505461722662573,
    0.009859822404979054,
    0.04004639016497838,
    0.008770231377176602,
    0.05595359425074859,
    0.029333267262574292,
    0.49868873102684247
  ],
  "ranked_example_count": 2829,
  "residual_10d_count": 22632,
  "residual_10d_max": [
    0.14686085283756256,
    0.1912604570388794,
    0.190141249448061,
    0.11582180928401603,
    0.054122380149417504,
    0.14178160046375443,
    0.042938960025910466,
    0.09824024046126043,
    0.19762061577554715,
    1.0
  ],
  "residual_10d_mean": [
    0.00022879807515459622,
    0.0004121827625973396,
    0.0003227760472593562,
    -0.00016110220739491975,
    1.548127697423399e-05,
    0.00018498635936504924,
    6.546500175167283e-05,
    0.00019810765475771226,
    -0.00018598857888579528,
    -0.02178331565924355
  ],
  "residual_10d_min": [
    -0.12532548606395721,
    -0.2100149691104889,
    -0.18880988284945488,
    -0.10855002803612124,
    -0.0238289671426547,
    -0.1833313185277673,
    -0.015901511931567636,
    -0.10751548786349768,
    -0.1494119878096889,
    -1.0
  ],
  "residual_10d_std": [
    0.017522053280627198,
    0.02179925664699183,
    0.020100194824916838,
    0.007206233485568834,
    0.0020803461494063352,
    0.009318122499414232,
    0.0019189006639425978,
    0.007119348069922221,
    0.011932186555287862,
    0.30419629295761014
  ],
  "residual_norm_p99": 1.0013539382726921,
  "schema_version": "human2robot-m5b-p2-train-statistics-v1"
}
