{
  "actions_min": [
    -1.0,
    -1.0,
    -1.0,
    -1.0,
    -1.0,
    -1.0,
    -1.0,
    -1.0,
    -1.0,
    -1.0
  ],
  "actions_max": [
    1.0,
    1.0,
    1.0,
    1.0,
    1.0,
    1.0,
    1.0,
    1.0,
    1.0,
    1.0
  ],
  "actions_mean": [
    0.19801157552453028,
    0.03695171952682165,
    -0.5684064833382302,
    0.6531229280102454,
    0.936638588661814,
    -0.7996481888374504,
    0.9420894418494741,
    -0.7201777022257146,
    0.10504467332552826,
    0.18437603442568687
  ],
  "actions_std": [
    0.45403552216842136,
    0.5037099876587076,
    0.45620052131382216,
    0.25237816833277144,
    0.2753880235293691,
    0.24886351816180816,
    0.2663317708133364,
    0.26765093006493584,
    0.14780743479921596,
    0.9828557767696361
  ],
  "actions_median": [
    0.28691490621705396,
    0.004968001617415618,
    -0.6999515618274759,
    0.7083350247077389,
    1.0,
    -0.8591817434396039,
    1.0,
    -0.7789030375659936,
    0.11145574817706572,
    1.0
  ],
  "proprio_min": [
    -1.0,
    -1.0,
    -1.0,
    -1.0,
    -1.0,
    -1.0,
    -1.0,
    -1.0,
    -1.0,
    -1.0
  ],
  "proprio_max": [
    1.0,
    1.0,
    1.0,
    1.0,
    1.0,
    1.0,
    1.0,
    1.0,
    1.0,
    1.0
  ],
  "proprio_mean": [
    0.2030727252040404,
    0.043705763838773094,
    -0.5590454934844855,
    0.6517664346563663,
    0.9357904823677571,
    -0.7992156126513625,
    0.9410558833472844,
    -0.7185719795395082,
    0.10408716496093023,
    0.13670969877523997
  ],
  "proprio_std": [
    0.4524993595874597,
    0.5004779415154859,
    0.4474136049361463,
    0.2540359466864872,
    0.2766030168869609,
    0.2501397832183824,
    0.26639250814503634,
    0.2700434095736025,
    0.14895881075702394,
    0.9906111539150015
  ],
  "proprio_median": [
    0.29472246210948194,
    0.018417094755889707,
    -0.667541954573134,
    0.7082939347488681,
    1.0,
    -0.8591912679359937,
    1.0,
    -0.7788865219266339,
    0.11143275117398765,
    1.0
  ]
}
