{
  "actions_min": [
    0.00443734135478735,
    0.19772286713123322,
    0.0,
    -0.3398140072822571,
    0.9344558715820312,
    -0.020783955231308937,
    0.9395833611488342,
    -0.042061615735292435,
    -0.20067241787910461,
    0.0
  ],
  "actions_max": [
    0.37481874227523804,
    0.6229187250137329,
    0.1699516326189041,
    0.05801663175225258,
    1.0,
    0.2744044065475464,
    1.0,
    0.3384195566177368,
    0.16042593121528625,
    1.0
  ],
  "actions_mean": [
    0.22629794418563323,
    0.4181766551147033,
    0.036675011392200946,
    -0.010982531855805834,
    0.9979235157592531,
    0.008786806226940749,
    0.9982506193612751,
    0.011171942218541309,
    -0.0011575142724061238,
    0.5921880172128434
  ],
  "actions_std": [
    0.0840831563841941,
    0.10708770016326398,
    0.03876601169944032,
    0.05020188399308558,
    0.009025033989490542,
    0.036730807116355124,
    0.008045435205911042,
    0.05091806982624258,
    0.02668651034493227,
    0.49142788838481805
  ],
  "actions_median": [
    0.2427620142698288,
    0.4113769829273224,
    0.025496860966086388,
    2.220446049250313e-16,
    1.0,
    0.0,
    1.0,
    -2.220446049250313e-16,
    1.2246468525851679e-16,
    1.0
  ],
  "proprio_min": [
    0.004438125994056463,
    0.19773772358894348,
    -7.140000093386334e-07,
    -0.33965009450912476,
    0.9345071911811829,
    -0.02078249491751194,
    0.9395837187767029,
    -0.042045384645462036,
    -0.2006566822528839,
    0.0
  ],
  "proprio_max": [
    0.3741997480392456,
    0.6229182481765747,
    0.16995097696781158,
    0.057998523116111755,
    1.0,
    0.2744050920009613,
    1.0,
    0.33825814723968506,
    0.16042034327983856,
    1.0
  ],
  "proprio_mean": [
    0.22686318714894263,
    0.4196194056809955,
    0.037469768011086924,
    -0.011238774818684778,
    0.9978973691686815,
    0.008852034478660889,
    0.9982194078359253,
    0.011468650430819812,
    -0.001326427526409143,
    0.56835484938762
  ],
  "proprio_std": [
    0.08365844858773433,
    0.1063967368590461,
    0.03801934936045332,
    0.05050852151349995,
    0.009057754251843814,
    0.03691907950027421,
    0.008047222343935687,
    0.05134923121157556,
    0.026892802157516597,
    0.49530557695750077
  ],
  "proprio_median": [
    0.24380746483802795,
    0.41424328088760376,
    0.028250189498066902,
    2.6631610694494157e-07,
    1.0,
    0.0,
    1.0,
    -2.6631610694494157e-07,
    -2.6631610694494157e-07,
    1.0
  ]
}
