{
  "delta_actions_min": [
    -0.13088063895702362,
    -0.14325681328773499,
    -0.12413590401411057,
    -0.04816153645515442,
    -0.020413696765899658,
    -0.07757824659347534,
    -0.013179659843444824,
    -0.11625878512859344,
    -0.10884307697415352,
    -1.0
  ],
  "delta_actions_max": [
    0.09469754993915558,
    0.12411332130432129,
    0.09310321882367134,
    0.12226185202598572,
    0.024737834930419922,
    0.08839914202690125,
    0.01694577932357788,
    0.04555368423461914,
    0.12805475667119026,
    1.0
  ],
  "delta_actions_mean": [
    -0.00056524296330941,
    -0.0014427505662921879,
    -0.0007947566188860247,
    0.00025624296287914735,
    2.614659057157555e-05,
    -6.522825172014057e-05,
    3.121152534977327e-05,
    -0.0002967082122787084,
    0.00016891325400312206,
    0.023833167825223437
  ],
  "delta_actions_std": [
    0.01797750957269919,
    0.02157397066406585,
    0.01692211584110014,
    0.007118255542160664,
    0.0016137621963034819,
    0.006843886223871308,
    0.0013423802899060252,
    0.007159199486803486,
    0.008577198477571395,
    0.16900120547900013
  ],
  "delta_actions_median": [
    -3.896653652191162e-06,
    -3.337860107421875e-06,
    -7.000000135093387e-09,
    -2.6631610672289696e-07,
    0.0,
    0.0,
    0.0,
    2.6631610672289696e-07,
    2.663161070674062e-07,
    0.0
  ]
}
