{
  "actions_min": [
    0.00443734135478735,
    0.23634666204452515,
    0.0,
    -0.3398140072822571,
    0.9344558715820312,
    -0.020783955231308937,
    0.9395833611488342,
    -0.042061615735292435,
    -0.20067241787910461,
    0.0
  ],
  "actions_max": [
    0.37481874227523804,
    0.6229187250137329,
    0.1699516326189041,
    0.05801663175225258,
    1.0,
    0.2744044065475464,
    1.0,
    0.3384195566177368,
    0.16042593121528625,
    1.0
  ],
  "actions_mean": [
    0.22114956277473571,
    0.4284178251148752,
    0.03833222221144053,
    -0.012738169483624672,
    0.9975886466211956,
    0.010179603971253523,
    0.9979691863609983,
    0.012952293515146662,
    -0.0013020553219315453,
    0.5767012687427913
  ],
  "actions_std": [
    0.08565822433301265,
    0.10527593891163148,
    0.039222739074061416,
    0.053963831095497516,
    0.009700897904881838,
    0.03930399661353268,
    0.008647815417721947,
    0.054703709367916374,
    0.02864899878677713,
    0.4940818913634284
  ],
  "actions_median": [
    0.23014916479587555,
    0.42647626996040344,
    0.028677303344011307,
    2.220446049250313e-16,
    1.0,
    0.0,
    1.0,
    -2.220446049250313e-16,
    1.2246468525851679e-16,
    1.0
  ],
  "proprio_min": [
    0.004437448922544718,
    0.2363467663526535,
    -7.600000344609725e-07,
    -0.3398115932941437,
    0.9344566464424133,
    -0.02078249491751194,
    0.9395837187767029,
    -0.04206226021051407,
    -0.20067240297794342,
    0.0
  ],
  "proprio_max": [
    0.37445953488349915,
    0.6229187250137329,
    0.16995097696781158,
    0.05801715329289436,
    1.0,
    0.2744050920009613,
    1.0,
    0.3384172320365906,
    0.16042566299438477,
    1.0
  ],
  "proprio_mean": [
    0.22153257834698228,
    0.4297137124220194,
    0.03912965152101541,
    -0.013027056027527642,
    0.9975643380855759,
    0.010240977175542482,
    0.9979363933184598,
    0.013289223085383052,
    -0.0015156983660329386,
    0.5515827245931052
  ],
  "proprio_std": [
    0.0851846141035551,
    0.10448519326316287,
    0.038474441742131986,
    0.05418560398942987,
    0.009704835600171874,
    0.03950374830085693,
    0.008631521521793263,
    0.05507197002900796,
    0.028924539181412863,
    0.4973321048590473
  ],
  "proprio_median": [
    0.23040063679218292,
    0.4284566342830658,
    0.03039628081023693,
    2.6631610694494157e-07,
    1.0,
    0.0,
    1.0,
    -2.6631610694494157e-07,
    -2.6631610694494157e-07,
    1.0
  ],
  "_provenance": {
    "source_split": "train",
    "split_manifest_sha256": "ee32fd5a222024f9ff370d1cad223ecafeca88594ae840171f20c0f499346cac",
    "episode_count": 16,
    "task_count": 16,
    "tasks": [
      "cloth/cloth12",
      "cloth/cloth13",
      "cloth/cloth21",
      "cloth/cloth31",
      "grab_both_cubes_v1",
      "grab_cup_v1",
      "grab_pencil2_v1",
      "grab_pencil_v1",
      "grab_to_plate1_and_back_v1",
      "grab_to_plate2_and_back_v1",
      "grab_to_plate2_and_pull_v1",
      "grab_to_plate2_v1",
      "grab_two_cubes2_v1",
      "pull_plate_grab_cube",
      "pull_plate_v1",
      "push_box_common_v1"
    ],
    "frame_count": 7803,
    "heldout_data_used": false
  }
}
