{
  "actions_min": [
    -1.0,
    -1.0,
    -1.0,
    -1.0,
    -1.0,
    -1.0,
    -1.0,
    -1.0,
    -1.0,
    -1.0
  ],
  "actions_max": [
    1.0,
    1.0,
    1.0,
    1.0,
    1.0,
    1.0,
    1.0,
    1.0,
    1.0,
    1.0
  ],
  "actions_mean": [
    0.1702111438716309,
    -0.006285339943722743,
    -0.5489043368309868,
    0.6442968726209533,
    0.9264204609319892,
    -0.7902115177172626,
    0.9327730347924663,
    -0.7108192822777433,
    0.10424410998931177,
    0.15340253748558247
  ],
  "actions_std": [
    0.4625406357886177,
    0.5446639785763138,
    0.4615753137483953,
    0.27129047288285696,
    0.296011195480883,
    0.26629773868238815,
    0.28627264217802084,
    0.287550151454924,
    0.15867698569449767,
    0.9881637827268568
  ],
  "actions_median": [
    0.2188075474641118,
    -0.01633032425820702,
    -0.6625239439939166,
    0.7083350247077389,
    1.0,
    -0.8591817434396039,
    1.0,
    -0.7789030375659936,
    0.11145574817706572,
    1.0
  ],
  "proprio_min": [
    -1.0,
    -1.0,
    -1.0,
    -1.0,
    -1.0,
    -1.0,
    -1.0,
    -1.0,
    -1.0,
    -1.0
  ],
  "proprio_max": [
    1.0,
    1.0,
    1.0,
    1.0,
    1.0,
    1.0,
    1.0,
    1.0,
    1.0,
    1.0
  ],
  "proprio_mean": [
    0.17341714271264372,
    0.00041889607878781653,
    -0.5395114846227997,
    0.6428402425419472,
    0.925677836661681,
    -0.7898050360658424,
    0.931687067136319,
    -0.7090435388829835,
    0.10306159671968189,
    0.10316544918621043
  ],
  "proprio_std": [
    0.46042988965012294,
    0.5405730598000698,
    0.452769032297814,
    0.2724066797800786,
    0.2961348503977763,
    0.26765182583224706,
    0.28573494915693703,
    0.28948719261450506,
    0.1602032351157905,
    0.9946642097180945
  ],
  "proprio_median": [
    0.2213497325858671,
    -0.006084825211849054,
    -0.6422862001578442,
    0.7083323541875106,
    1.0,
    -0.8591912679359937,
    1.0,
    -0.7789000734521075,
    0.11145506205626954,
    1.0
  ],
  "_provenance": {
    "source_split": "train",
    "split_manifest_sha256": "ee32fd5a222024f9ff370d1cad223ecafeca88594ae840171f20c0f499346cac",
    "episode_count": 16,
    "task_count": 16,
    "tasks": [
      "cloth/cloth12",
      "cloth/cloth13",
      "cloth/cloth21",
      "cloth/cloth31",
      "grab_both_cubes_v1",
      "grab_cup_v1",
      "grab_pencil2_v1",
      "grab_pencil_v1",
      "grab_to_plate1_and_back_v1",
      "grab_to_plate2_and_back_v1",
      "grab_to_plate2_and_pull_v1",
      "grab_to_plate2_v1",
      "grab_two_cubes2_v1",
      "pull_plate_grab_cube",
      "pull_plate_v1",
      "push_box_common_v1"
    ],
    "frame_count": 7803,
    "heldout_data_used": false
  }
}
