{
  "created_at_utc": "2026-07-13T14:48:40.419253+00:00",
  "future_state_transition_10d_count": 22896,
  "future_state_transition_10d_max": [
    0.05072838068008423,
    0.07294145226478577,
    0.051504455506801605,
    0.007724344730377197,
    0.003598451614379883,
    0.02161020040512085,
    0.0023058652877807617,
    0.01143907755613327,
    0.021087508648633957,
    1.0
  ],
  "future_state_transition_10d_mean": [
    5.6043079814071177e-05,
    0.0001428346706073989,
    4.040438385821807e-05,
    -2.2522115885414717e-05,
    -6.406976054549467e-06,
    2.3145341500135044e-05,
    -4.029467670672595e-06,
    2.6440372756148144e-05,
    -7.49450351906366e-06,
    0.0
  ],
  "future_state_transition_10d_min": [
    -0.04588836431503296,
    -0.09542280435562134,
    -0.07285417430102825,
    -0.012010455131530762,
    -0.003895580768585205,
    -0.01597873866558075,
    -0.003324747085571289,
    -0.007272899150848389,
    -0.03241437394171953,
    -1.0
  ],
  "future_state_transition_10d_std": [
    0.0024831448456938817,
    0.0032639964103297705,
    0.002967867167295121,
    0.0008618103204454497,
    0.0002361222042642812,
    0.0010793210409714878,
    0.00018622698948770418,
    0.0008365438356573184,
    0.0013792552442331786,
    0.0825434260906081
  ],
  "original_query_count": 954,
  "pool_action_10d_count": 22896,
  "pool_action_10d_max": [
    0.4287277162075043,
    0.7385391294956207,
    0.24720147717744112,
    0.08789440650213444,
    0.9999999999999647,
    0.3161367085738581,
    0.9999999999999292,
    0.36208003000495775,
    0.1737538631390102,
    1.0
  ],
  "pool_action_10d_mean": [
    0.22288897396520055,
    0.4308003989711487,
    0.039316025793993105,
    -0.01310182516273915,
    0.997547374741163,
    0.01028200232877357,
    0.9979214172941736,
    0.01333179503945129,
    -0.0012826249686535367,
    0.5528039832285115
  ],
  "pool_action_10d_min": [
    -0.0037069343961775303,
    0.051673874258995056,
    -0.06845218238830597,
    -0.3638045475799174,
    0.926582792859292,
    -0.025562857211742153,
    0.930481642284288,
    -0.06473043204546317,
    -0.22810299542716833,
    0.0
  ],
  "pool_action_10d_std": [
    0.08599719204169931,
    0.10516445713745394,
    0.03947075398076089,
    0.0544767428940254,
    0.00972796588347313,
    0.03949061807699802,
    0.008680093054757787,
    0.055239191747855874,
    0.029098981075669716,
    0.49720392129915836
  ],
  "provenance": {
    "H_steps": 8,
    "K_steps": 8,
    "algorithm": "exact_ranked_training_examples_train_only_minmax_v1",
    "cell_id": "learned_training_checkpoint__M5B-RET-01__geometry_plus_visual__recap_hand_ret__seed20260711",
    "experiment_id": "M5B-RET-01",
    "heldout_data_used": false,
    "method_id": "recap_hand_ret",
    "query_weight_rule": "one_over_effective_k_sum_one",
    "retrieval_index_sha256": "f3c06e237651fbe50a9b03df683daa3c2b48b98dc66d41c0ed6cbeb18c987dff",
    "retrieval_modality": "geometry_plus_visual",
    "seed": 20260711,
    "split": "train",
    "split_sha256": "1d3ef2377aa19938b06646f6d5fc31ec9f275fc9f37e253e1e9aa5eecdc5a968",
    "target_representation": "residual",
    "time_view_id": "nominal_camera_30hz_segmented",
    "variant_id": "geometry_plus_visual"
  },
  "query_bc_target_10d_count": 22896,
  "query_bc_target_10d_max": [
    0.37445953488349915,
    0.6229187250137329,
    0.16995097696781158,
    0.05801715329289436,
    1.0,
    0.2744050920009613,
    1.0,
    0.3384172320365906,
    0.16042566299438477,
    1.0
  ],
  "query_bc_target_10d_mean": [
    0.2230896906696838,
    0.43169330088011687,
    0.039644180305160454,
    -0.013197760003405551,
    0.9975401120615706,
    0.010257060683630765,
    0.997909134507679,
    0.013443055505412624,
    -0.0014295454918814303,
    0.5415356394129979
  ],
  "query_bc_target_10d_min": [
    0.004437448922544718,
    0.2363467663526535,
    -7.600000344609725e-07,
    -0.3398115932941437,
    0.9344566464424133,
    -0.02078249491751194,
    0.9395837187767029,
    -0.04206226021051407,
    -0.20067240297794342,
    0.0
  ],
  "query_bc_target_10d_std": [
    0.0852636965004575,
    0.10445763725244668,
    0.03847504802970388,
    0.054606127964454826,
    0.009741817460604712,
    0.0394664987387391,
    0.008695053594996636,
    0.05544045185300345,
    0.029074940935102257,
    0.49827180399718646
  ],
  "ranked_example_count": 2862,
  "residual_10d_count": 22896,
  "residual_10d_max": [
    0.12387917935848236,
    0.20254391431808472,
    0.1577858254313469,
    0.057646631858298436,
    0.021201917372908774,
    0.07935473531396067,
    0.016010591271145347,
    0.07462465297921128,
    0.1196445359842873,
    1.0
  ],
  "residual_10d_mean": [
    0.00020071670448324226,
    0.0008929019089681464,
    0.0003281545111672058,
    -9.593484066668055e-05,
    -7.262679519177056e-06,
    -2.4941645142774513e-05,
    -1.228278637872315e-05,
    0.0001112604659621692,
    -0.00014692052322788795,
    -0.011268343815513627
  ],
  "residual_10d_min": [
    -0.1873573362827301,
    -0.25010040402412415,
    -0.13179719913750887,
    -0.07835193736821149,
    -0.017563505697800297,
    -0.1041238563110797,
    -0.010472474113064734,
    -0.04782949947567125,
    -0.11962115421727405,
    -1.0
  ],
  "residual_10d_std": [
    0.012370580277880497,
    0.0152496840484391,
    0.01272942366712048,
    0.004229548665093914,
    0.0011558300912008269,
    0.005706081047364644,
    0.0008474706046260923,
    0.004062247562896331,
    0.006187567574755199,
    0.5450163628261775
  ],
  "residual_norm_p99": 1.002766513700308,
  "schema_version": "human2robot-m5b-p2-train-statistics-v1"
}
