{
  "created_at_utc": "2026-07-13T09:55:46.148263+00:00",
  "future_state_transition_10d_count": 2688,
  "future_state_transition_10d_max": [
    0.06721550226211548,
    0.11500495672225952,
    0.08605629950761795,
    0.048161670565605164,
    0.012311577796936035,
    0.07007362693548203,
    0.011379778385162354,
    0.050064101815223694,
    0.09846249595284462,
    1.0
  ],
  "future_state_transition_10d_mean": [
    -0.00026031199377030134,
    0.00046182852903647084,
    -0.0007101490681217237,
    -2.0556717999355356e-05,
    -3.3264514058828354e-05,
    0.00015292905445437758,
    -1.6738793679646085e-05,
    5.1592660291596305e-05,
    -7.208835024823708e-05,
    0.0
  ],
  "future_state_transition_10d_min": [
    -0.06506963074207306,
    -0.09863698482513428,
    -0.07530814222991467,
    -0.043572813272476196,
    -0.013662576675415039,
    -0.06032269448041916,
    -0.014600157737731934,
    -0.04555380344390869,
    -0.12531953305006027,
    -1.0
  ],
  "future_state_transition_10d_std": [
    0.013610600839232882,
    0.016778247398627343,
    0.014043548516917862,
    0.005403090966795206,
    0.0015989597622634514,
    0.006771009351695078,
    0.001328232465793293,
    0.0053163037981116025,
    0.009908814500596807,
    0.236227795630767
  ],
  "original_query_count": 112,
  "pool_action_10d_count": 2688,
  "pool_action_10d_max": [
    0.5193656384944916,
    0.8127880990505219,
    0.24787595495581627,
    0.2050844892656029,
    0.9999999999999647,
    0.46768448383334205,
    0.9999999999999292,
    0.42264313893827543,
    0.2772171814672742,
    1.0
  ],
  "pool_action_10d_mean": [
    0.23577872367085156,
    0.43558186383563136,
    0.04303102701190033,
    -0.008531523902524377,
    0.9979462912991585,
    0.006635622958265442,
    0.9976922634965458,
    0.008749608782494958,
    -0.0013876502148720586,
    0.453125
  ],
  "pool_action_10d_min": [
    -0.09831474348902702,
    0.03877022862434387,
    -0.11751674411806157,
    -0.44743575749318953,
    0.8834193987073793,
    -0.18646770843239782,
    0.8776676985657772,
    -0.1881546572164148,
    -0.46979100897237486,
    0.0
  ],
  "pool_action_10d_std": [
    0.09909227052402733,
    0.1223237721402284,
    0.0587658984170984,
    0.05016165969430128,
    0.010279046524365698,
    0.03693955047679341,
    0.011779845351508025,
    0.05014823152779012,
    0.04333654635921878,
    0.4977978850648122
  ],
  "provenance": {
    "H_steps": 8,
    "K_steps": 8,
    "algorithm": "exact_ranked_training_examples_train_only_minmax_v1",
    "cell_id": "learned_training_checkpoint__M5B-ACTION-01__phase_aligned_human_plan_plus_tplus1_query__recap_hand_ret__seed20260711",
    "experiment_id": "M5B-ACTION-01",
    "heldout_data_used": false,
    "method_id": "recap_hand_ret",
    "query_weight_rule": "one_over_effective_k_sum_one",
    "retrieval_index_sha256": "1052864ef57b03e8bd114143e9ec5bcd099fb2c661bd67128f763bc13ad2cdef",
    "retrieval_modality": "phase",
    "seed": 20260711,
    "split": "train",
    "split_sha256": "1d3ef2377aa19938b06646f6d5fc31ec9f275fc9f37e253e1e9aa5eecdc5a968",
    "target_representation": "residual",
    "time_view_id": "phase_or_dtw",
    "variant_id": "phase_aligned_human_plan_plus_tplus1_query"
  },
  "query_bc_target_10d_count": 2688,
  "query_bc_target_10d_max": [
    0.3740353286266327,
    0.6229187250137329,
    0.15168878436088562,
    0.049288805574178696,
    1.0,
    0.27274206280708313,
    1.0,
    0.3295786678791046,
    0.16042566299438477,
    1.0
  ],
  "query_bc_target_10d_mean": [
    0.24013188313775963,
    0.42702848011893885,
    0.039120355923219406,
    -0.01012698988225377,
    0.9981107123728309,
    0.00736851661413659,
    0.9983589593321085,
    0.010288129922366464,
    -0.0008890804298950109,
    0.5122767857142857
  ],
  "query_bc_target_10d_min": [
    0.004787404090166092,
    0.23653006553649902,
    -6.810000172663422e-07,
    -0.3363680839538574,
    0.9375924468040466,
    -0.019480761140584946,
    0.9398545622825623,
    -0.034173715859651566,
    -0.19455935060977936,
    0.0
  ],
  "query_bc_target_10d_std": [
    0.08238540026595287,
    0.10644997858693281,
    0.037324665877079985,
    0.048575158481289085,
    0.008761630586769745,
    0.034377932701735295,
    0.007817061568285944,
    0.049377257974154716,
    0.02595249233818184,
    0.49984925780931955
  ],
  "ranked_example_count": 336,
  "residual_10d_count": 2688,
  "residual_10d_max": [
    0.35904450342059135,
    0.35602548718452454,
    0.2446277665756753,
    0.32559312704897225,
    0.09945600803471666,
    0.3591102951078836,
    0.10312979967177638,
    0.30053492043947516,
    0.47707942302599377,
    1.0
  ],
  "residual_10d_mean": [
    0.0043531594669080475,
    -0.008553383716692528,
    -0.003910671088680885,
    -0.0015954659797293898,
    0.00016442107369896427,
    0.0007328936558711458,
    0.0006666958355833851,
    0.0015385211398715594,
    0.0004985697849770473,
    0.05915178571428571
  ],
  "residual_10d_min": [
    -0.3346724510192871,
    -0.4190390706062317,
    -0.2342971379719785,
    -0.34132115689865955,
    -0.06163263217566983,
    -0.34360607594969794,
    -0.03767335395504323,
    -0.33234566302568763,
    -0.4249794663489884,
    -1.0
  ],
  "residual_10d_std": [
    0.07191193480366911,
    0.09363955394125711,
    0.05862217824125177,
    0.033833611515941005,
    0.007794176176234942,
    0.028629607933810156,
    0.007651533316694737,
    0.033233240235990995,
    0.04841645159583049,
    0.7513863343112283
  ],
  "residual_norm_p99": 1.0937679430962863,
  "schema_version": "human2robot-m5b-p2-train-statistics-v1"
}
