{
  "created_at_utc": "2026-07-13T09:52:09.237561+00:00",
  "future_state_transition_10d_count": 22896,
  "future_state_transition_10d_max": [
    0.05072838068008423,
    0.07294145226478577,
    0.051504455506801605,
    0.007724344730377197,
    0.003598451614379883,
    0.02161020040512085,
    0.0023058652877807617,
    0.01143907755613327,
    0.021087508648633957,
    1.0
  ],
  "future_state_transition_10d_mean": [
    5.6043079814071177e-05,
    0.0001428346706073989,
    4.040438385821807e-05,
    -2.2522115885414717e-05,
    -6.406976054549467e-06,
    2.3145341500135044e-05,
    -4.029467670672595e-06,
    2.6440372756148144e-05,
    -7.49450351906366e-06,
    0.0
  ],
  "future_state_transition_10d_min": [
    -0.04588836431503296,
    -0.09542280435562134,
    -0.07285417430102825,
    -0.012010455131530762,
    -0.003895580768585205,
    -0.01597873866558075,
    -0.003324747085571289,
    -0.007272899150848389,
    -0.03241437394171953,
    -1.0
  ],
  "future_state_transition_10d_std": [
    0.0024831448456938817,
    0.0032639964103297705,
    0.002967867167295121,
    0.0008618103204454497,
    0.0002361222042642812,
    0.0010793210409714878,
    0.00018622698948770418,
    0.0008365438356573184,
    0.0013792552442331786,
    0.0825434260906081
  ],
  "original_query_count": 954,
  "pool_action_10d_count": 22896,
  "pool_action_10d_max": [
    0.44028303027153015,
    0.7400889098644257,
    0.29821455106139183,
    0.08423125438949819,
    0.9999999999999647,
    0.3707616257416508,
    0.9999999999999292,
    0.3648342469403426,
    0.20481127319335746,
    1.0
  ],
  "pool_action_10d_mean": [
    0.22301143513225927,
    0.4316991807672942,
    0.039558786859857344,
    -0.013124916685228683,
    0.9975244074947126,
    0.010146640586807263,
    0.9978568828466158,
    0.013359329313337272,
    -0.0013304570561810333,
    0.564683787561146
  ],
  "pool_action_10d_min": [
    -0.004635856952518225,
    0.1290072500705719,
    -0.06797088816990238,
    -0.36816479981968403,
    0.9120873481934899,
    -0.0654928368015183,
    0.9286264130078287,
    -0.06583240642689743,
    -0.31268407287989064,
    0.0
  ],
  "pool_action_10d_std": [
    0.08656269096261014,
    0.10627379073300039,
    0.0410069793406616,
    0.054651217919806386,
    0.009870475662888387,
    0.03982030624375976,
    0.008936921818691835,
    0.05547717743198641,
    0.030721552251934712,
    0.4957983537959684
  ],
  "provenance": {
    "H_steps": 8,
    "K_steps": 8,
    "algorithm": "exact_ranked_training_examples_train_only_minmax_v1",
    "cell_id": "learned_training_checkpoint__M5B-MAIN-01__frozen_main__recap_hand_ret__seed20260712",
    "experiment_id": "M5B-MAIN-01",
    "heldout_data_used": false,
    "method_id": "recap_hand_ret",
    "query_weight_rule": "one_over_effective_k_sum_one",
    "retrieval_index_sha256": "4eae95ebdb9661279abe5c781f4b8a28602b2fc25d82f1ae948c3ae4b4a62018",
    "retrieval_modality": "phase",
    "seed": 20260712,
    "split": "train",
    "split_sha256": "1d3ef2377aa19938b06646f6d5fc31ec9f275fc9f37e253e1e9aa5eecdc5a968",
    "target_representation": "residual",
    "time_view_id": "nominal_camera_30hz_segmented",
    "variant_id": "frozen_main"
  },
  "query_bc_target_10d_count": 22896,
  "query_bc_target_10d_max": [
    0.37445953488349915,
    0.6229187250137329,
    0.16995097696781158,
    0.05801715329289436,
    1.0,
    0.2744050920009613,
    1.0,
    0.3384172320365906,
    0.16042566299438477,
    1.0
  ],
  "query_bc_target_10d_mean": [
    0.2230896906696838,
    0.43169330088011687,
    0.039644180305160454,
    -0.013197760003405551,
    0.9975401120615706,
    0.010257060683630765,
    0.997909134507679,
    0.013443055505412624,
    -0.0014295454918814303,
    0.5415356394129979
  ],
  "query_bc_target_10d_min": [
    0.004437448922544718,
    0.2363467663526535,
    -7.600000344609725e-07,
    -0.3398115932941437,
    0.9344566464424133,
    -0.02078249491751194,
    0.9395837187767029,
    -0.04206226021051407,
    -0.20067240297794342,
    0.0
  ],
  "query_bc_target_10d_std": [
    0.0852636965004575,
    0.10445763725244668,
    0.03847504802970388,
    0.054606127964454826,
    0.009741817460604712,
    0.0394664987387391,
    0.008695053594996636,
    0.05544045185300345,
    0.029074940935102257,
    0.49827180399718646
  ],
  "ranked_example_count": 2862,
  "residual_10d_count": 22896,
  "residual_10d_max": [
    0.11950521171092987,
    0.19220232963562012,
    0.1577858254313469,
    0.10380979998283685,
    0.03600383580213273,
    0.1332587844613855,
    0.03315994592185145,
    0.07462465297921128,
    0.1518165439392014,
    1.0
  ],
  "residual_10d_mean": [
    7.82555374245281e-05,
    -5.87988717730107e-06,
    8.539344530296411e-05,
    -7.284331817720555e-05,
    1.5704566930972136e-05,
    0.00011042009682350752,
    5.2251661179165005e-05,
    8.372619207622644e-05,
    -9.908843570039092e-05,
    -0.023148148148148147
  ],
  "residual_10d_min": [
    -0.11723701655864716,
    -0.21000638604164124,
    -0.18281027302145958,
    -0.07835193736821149,
    -0.018693583129176794,
    -0.10785653469436379,
    -0.013771713229420057,
    -0.09709828155387434,
    -0.11962115421727404,
    -1.0
  ],
  "residual_10d_std": [
    0.01260754126386338,
    0.016434949463672018,
    0.015578190971185138,
    0.005351990280801111,
    0.0015105212101933648,
    0.006963478413201207,
    0.0014825346230175644,
    0.00528297741032539,
    0.008403906313275342,
    0.27660113592422064
  ],
  "residual_norm_p99": 1.000195094688586,
  "schema_version": "human2robot-m5b-p2-train-statistics-v1"
}
