{
  "created_at_utc": "2026-07-13T14:49:04.014553+00:00",
  "future_state_transition_10d_count": 11640,
  "future_state_transition_10d_max": [
    0.05072838068008423,
    0.05943781137466431,
    0.051504455506801605,
    0.007724344730377197,
    0.003598451614379883,
    0.017659232020378113,
    0.0020670294761657715,
    0.009582862257957458,
    0.016537487506866455,
    1.0
  ],
  "future_state_transition_10d_mean": [
    6.306707491790972e-05,
    0.0001424201293704436,
    1.1501675954874821e-05,
    -1.3816094443115813e-05,
    -4.404138043983696e-06,
    2.0238168525536623e-05,
    -2.19128488265362e-06,
    1.7829901128518672e-05,
    -5.735522774717741e-06,
    -0.0007731958762886598
  ],
  "future_state_transition_10d_min": [
    -0.04588836431503296,
    -0.09542280435562134,
    -0.07285417430102825,
    -0.010046936571598053,
    -0.003895580768585205,
    -0.01597873866558075,
    -0.002174854278564453,
    -0.007225334644317627,
    -0.02162204682826996,
    -1.0
  ],
  "future_state_transition_10d_std": [
    0.002619120185640394,
    0.0034071954062865365,
    0.003094896760923895,
    0.000806229853276312,
    0.00024048582852174958,
    0.0010661713267988923,
    0.0001767935394615316,
    0.0007890784719917483,
    0.0012698496436826003,
    0.08645015310720429
  ],
  "original_query_count": 970,
  "pool_action_10d_count": 11640,
  "pool_action_10d_max": [
    0.4233194887638092,
    0.6728751063346863,
    0.19243593700230122,
    0.07217105089304278,
    0.9999999999999647,
    0.3311947426984385,
    0.9999999999999292,
    0.35605625511484407,
    0.1603798718248009,
    1.0
  ],
  "pool_action_10d_mean": [
    0.22181223478765127,
    0.43003074277281966,
    0.03905491748752462,
    -0.013078457130285635,
    0.9975238694631939,
    0.010260200348189178,
    0.9979014978730197,
    0.013349226184209402,
    -0.0016006296629896076,
    0.5719931271477663
  ],
  "pool_action_10d_min": [
    -0.0038215359672904015,
    0.1934155821800232,
    -0.07009597215801477,
    -0.3577183081993376,
    0.912118418922376,
    -0.03911477507625238,
    0.933829541138782,
    -0.052469560896387296,
    -0.3250229989139789,
    0.0
  ],
  "pool_action_10d_std": [
    0.08607085820981818,
    0.10524809283314049,
    0.039586120433193796,
    0.054609072276479945,
    0.00989949558110288,
    0.039870556950045606,
    0.008787581923730775,
    0.055522437254817515,
    0.02918688152489416,
    0.49478984391711334
  ],
  "provenance": {
    "H_steps": 4,
    "K_steps": 4,
    "algorithm": "exact_ranked_training_examples_train_only_minmax_v1",
    "cell_id": "learned_training_checkpoint__M5B-SENS-01__topk3_h4_k4__recap_hand_ret__seed20260712",
    "experiment_id": "M5B-SENS-01",
    "heldout_data_used": false,
    "method_id": "recap_hand_ret",
    "query_weight_rule": "one_over_effective_k_sum_one",
    "retrieval_index_sha256": "ad6e965c20beecfd41415dda09e7f24f6a53c68828ccc38aae7c16afc6f0c140",
    "retrieval_modality": "phase",
    "seed": 20260712,
    "split": "train",
    "split_sha256": "1d3ef2377aa19938b06646f6d5fc31ec9f275fc9f37e253e1e9aa5eecdc5a968",
    "target_representation": "residual",
    "time_view_id": "nominal_camera_30hz_segmented",
    "variant_id": "topk3_h4_k4"
  },
  "query_bc_target_10d_count": 11640,
  "query_bc_target_10d_max": [
    0.3741997480392456,
    0.6229186058044434,
    0.16995097696781158,
    0.05801715329289436,
    1.0,
    0.2744050920009613,
    1.0,
    0.3384172320365906,
    0.16039356589317322,
    1.0
  ],
  "query_bc_target_10d_mean": [
    0.22194388194331305,
    0.43023519686509654,
    0.039259332132138315,
    -0.01304948731537183,
    0.99756337479525,
    0.010226147389499096,
    0.9979357100178285,
    0.013299986099750343,
    -0.0014571833247807085,
    0.5497422680412372
  ],
  "query_bc_target_10d_min": [
    0.004437448922544718,
    0.2363467663526535,
    -7.600000344609725e-07,
    -0.3398115932941437,
    0.9344566464424133,
    -0.02078249491751194,
    0.9395837187767029,
    -0.04206226021051407,
    -0.20055904984474182,
    0.0
  ],
  "query_bc_target_10d_std": [
    0.08515536878974542,
    0.10447201171832138,
    0.038520465823432375,
    0.054225044355614066,
    0.009700649993720254,
    0.03947140979289499,
    0.008629173617214913,
    0.055089072716043234,
    0.028914304362617077,
    0.49751955415852644
  ],
  "ranked_example_count": 2910,
  "residual_10d_count": 11640,
  "residual_10d_max": [
    0.08834411203861237,
    0.10349857807159424,
    0.10381657537072897,
    0.10822494154710055,
    0.031921402702379864,
    0.05759072111521379,
    0.03441767991046907,
    0.045672654513966404,
    0.13359509752676424,
    1.0
  ],
  "residual_10d_mean": [
    0.0001316471556617632,
    0.0002044540922768747,
    0.00020441464461372287,
    2.8969814913746987e-05,
    3.950533209700357e-05,
    -3.405295869005419e-05,
    3.421214489886995e-05,
    -4.924008445925899e-05,
    0.00014344633820890612,
    -0.02225085910652921
  ],
  "residual_10d_min": [
    -0.11580707132816315,
    -0.09863698482513428,
    -0.11048027127981186,
    -0.04831392340819504,
    -0.011392480674485062,
    -0.07306580163932597,
    -0.010246805109468848,
    -0.1019444322604256,
    -0.05835227295988507,
    -1.0
  ],
  "residual_10d_std": [
    0.00949528433276616,
    0.01001081965868335,
    0.008933048578858988,
    0.0038353012922169973,
    0.0011607740963177347,
    0.004130737780251784,
    0.0010142278531422217,
    0.003931676539818178,
    0.004404349285231219,
    0.2557310502449684
  ],
  "residual_norm_p99": 1.0000491099875526,
  "schema_version": "human2robot-m5b-p2-train-statistics-v1"
}
