{
  "created_at_utc": "2026-07-13T14:49:14.194239+00:00",
  "future_state_transition_10d_count": 22512,
  "future_state_transition_10d_max": [
    0.05072838068008423,
    0.07294145226478577,
    0.051504455506801605,
    0.007724344730377197,
    0.003598451614379883,
    0.02161020040512085,
    0.0023058652877807617,
    0.01143907755613327,
    0.021087508648633957,
    1.0
  ],
  "future_state_transition_10d_mean": [
    4.877603606882888e-05,
    0.00014701589290648382,
    2.312483656390973e-05,
    -2.256537913992081e-05,
    -6.533857347614476e-06,
    2.3868617539805102e-05,
    -4.118161478530624e-06,
    2.6606346835107752e-05,
    -8.127512462834467e-06,
    0.0
  ],
  "future_state_transition_10d_min": [
    -0.04588836431503296,
    -0.09542280435562134,
    -0.07285417430102825,
    -0.012010455131530762,
    -0.003895580768585205,
    -0.01597873866558075,
    -0.003324747085571289,
    -0.007272899150848389,
    -0.03241437394171953,
    -1.0
  ],
  "future_state_transition_10d_std": [
    0.002493363257995458,
    0.003288497218183642,
    0.002943857098626574,
    0.0008677620275035361,
    0.0002381242995618481,
    0.0010883400278402602,
    0.00018779619080860858,
    0.0008422584937693928,
    0.0013907806282270545,
    0.083244444419147
  ],
  "original_query_count": 938,
  "pool_action_10d_count": 45024,
  "pool_action_10d_max": [
    0.4655607342720032,
    0.8143378794193268,
    0.29821455106139183,
    0.08423125438949819,
    0.9999999999999647,
    0.38105857272947347,
    0.9999999999999292,
    0.388461492488723,
    0.20481127319335746,
    1.0
  ],
  "pool_action_10d_mean": [
    0.22440789738600822,
    0.434544200745531,
    0.040259690856246505,
    -0.013500425562719518,
    0.9973963159255932,
    0.010297099788331291,
    0.9977208441367497,
    0.01375655596730361,
    -0.0013176775012143736,
    0.5495735607675906
  ],
  "pool_action_10d_min": [
    -0.01043311133980751,
    0.09625303745269775,
    -0.13522070669569075,
    -0.3919118502328699,
    0.9120873481934899,
    -0.0654928368015183,
    0.9198525337412781,
    -0.06583240642689743,
    -0.349075226274929,
    0.0
  ],
  "pool_action_10d_std": [
    0.08866026892259386,
    0.10809119932922202,
    0.04390194164466103,
    0.05580541033336708,
    0.010422869152017771,
    0.0411025206046882,
    0.009419246761199606,
    0.05677417074918753,
    0.032405391455808896,
    0.4975363927117674
  ],
  "provenance": {
    "H_steps": 16,
    "K_steps": 8,
    "algorithm": "exact_ranked_training_examples_train_only_minmax_v1",
    "cell_id": "learned_training_checkpoint__M5B-SENS-01__topk3_h16_k8__recap_hand_ret__seed20260713",
    "experiment_id": "M5B-SENS-01",
    "heldout_data_used": false,
    "method_id": "recap_hand_ret",
    "query_weight_rule": "one_over_effective_k_sum_one",
    "retrieval_index_sha256": "445d5c6f961d6171b3e2cc4850d0153820497a3b4b3e8f97bcb8bb89fb12abd0",
    "retrieval_modality": "phase",
    "seed": 20260713,
    "split": "train",
    "split_sha256": "1d3ef2377aa19938b06646f6d5fc31ec9f275fc9f37e253e1e9aa5eecdc5a968",
    "target_representation": "residual",
    "time_view_id": "nominal_camera_30hz_segmented",
    "variant_id": "topk3_h16_k8"
  },
  "query_bc_target_10d_count": 22512,
  "query_bc_target_10d_max": [
    0.37445953488349915,
    0.6229187250137329,
    0.16995097696781158,
    0.05801715329289436,
    1.0,
    0.2744050920009613,
    1.0,
    0.3384172320365906,
    0.16042566299438477,
    1.0
  ],
  "query_bc_target_10d_mean": [
    0.2243359879112002,
    0.4335115801439738,
    0.0401104376323165,
    -0.013396800437404613,
    0.9975014810225984,
    0.010351996206739657,
    0.9978754642342073,
    0.013641909869885381,
    -0.0013963303963891083,
    0.5337153518123667
  ],
  "query_bc_target_10d_min": [
    0.004437448922544718,
    0.2363467663526535,
    -7.600000344609725e-07,
    -0.3398115932941437,
    0.9344566464424133,
    -0.02078249491751194,
    0.9395837187767029,
    -0.04206226021051407,
    -0.20067240297794342,
    0.0
  ],
  "query_bc_target_10d_std": [
    0.08534113037972339,
    0.10432352663943356,
    0.03849667749671461,
    0.055042982050305354,
    0.009819526189569447,
    0.039724103438426105,
    0.00876484276094439,
    0.05588289012759016,
    0.029270915340568065,
    0.498861979962514
  ],
  "ranked_example_count": 2814,
  "residual_10d_count": 22512,
  "residual_10d_max": [
    0.11470629274845123,
    0.1912604570388794,
    0.13402824103832245,
    0.1343086938604493,
    0.051149598491244896,
    0.10484030586099038,
    0.04202104849636945,
    0.0746246529792113,
    0.17744952365722938,
    1.0
  ],
  "residual_10d_mean": [
    7.299863595671702e-05,
    -0.00023788897494051418,
    8.92327557232551e-05,
    -3.8842428677822174e-05,
    2.084882596547704e-05,
    0.00012568165789816744,
    5.6870801755000744e-05,
    5.293266044280236e-05,
    -0.00012101866716030382,
    -0.015147476901208245
  ],
  "residual_10d_min": [
    -0.13289467990398407,
    -0.21000638604164124,
    -0.16369888186454773,
    -0.07835193736821151,
    -0.02095999719114716,
    -0.16794627192647182,
    -0.016359248045955566,
    -0.12809476652120932,
    -0.14718033441208705,
    -1.0
  ],
  "residual_10d_std": [
    0.013824411086949229,
    0.018060473403778487,
    0.015991157074491592,
    0.005886294740561331,
    0.0016621104742594488,
    0.007133035445323288,
    0.0015872675460249952,
    0.00583182693762064,
    0.009125088273462716,
    0.3510211212667157
  ],
  "residual_norm_p99": 1.001037980127003,
  "schema_version": "human2robot-m5b-p2-train-statistics-v1"
}
