{
  "created_at_utc": "2026-07-13T14:48:26.771518+00:00",
  "future_state_transition_10d_count": 22896,
  "future_state_transition_10d_max": [
    0.05072838068008423,
    0.07294145226478577,
    0.051504455506801605,
    0.007724344730377197,
    0.003598451614379883,
    0.02161020040512085,
    0.0023058652877807617,
    0.01143907755613327,
    0.021087508648633957,
    1.0
  ],
  "future_state_transition_10d_mean": [
    5.6043079814071177e-05,
    0.0001428346706073989,
    4.040438385821807e-05,
    -2.2522115885414717e-05,
    -6.406976054549467e-06,
    2.3145341500135044e-05,
    -4.029467670672595e-06,
    2.6440372756148144e-05,
    -7.49450351906366e-06,
    0.0
  ],
  "future_state_transition_10d_min": [
    -0.04588836431503296,
    -0.09542280435562134,
    -0.07285417430102825,
    -0.012010455131530762,
    -0.003895580768585205,
    -0.01597873866558075,
    -0.003324747085571289,
    -0.007272899150848389,
    -0.03241437394171953,
    -1.0
  ],
  "future_state_transition_10d_std": [
    0.0024831448456938817,
    0.0032639964103297705,
    0.002967867167295121,
    0.0008618103204454497,
    0.0002361222042642812,
    0.0010793210409714878,
    0.00018622698948770418,
    0.0008365438356573184,
    0.0013792552442331786,
    0.0825434260906081
  ],
  "original_query_count": 954,
  "pool_action_10d_count": 22896,
  "pool_action_10d_max": [
    0.4117151200771332,
    0.7400889098644257,
    0.22707391530275345,
    0.06802282228655905,
    0.9999999999999647,
    0.3392010470564384,
    0.9999999999999292,
    0.36807065404402467,
    0.16350986890368982,
    1.0
  ],
  "pool_action_10d_mean": [
    0.2217987968514917,
    0.42923051460075323,
    0.04071815841282589,
    -0.0133300763028968,
    0.9975244921684236,
    0.010038971642048608,
    0.9978846546722556,
    0.013521840158450128,
    -0.0011787062653954674,
    0.634958071278826
  ],
  "pool_action_10d_min": [
    -0.004635856952518225,
    0.11508673429489136,
    -0.06587535952782453,
    -0.36535178038375976,
    0.9120873481934899,
    -0.056513461564456094,
    0.9202993051684989,
    -0.06511768373859772,
    -0.28464746077240005,
    0.0
  ],
  "pool_action_10d_std": [
    0.08628444532167133,
    0.10656935795393489,
    0.041138605592374616,
    0.054979249930910384,
    0.009924877370818347,
    0.039308962395458086,
    0.008863017232614054,
    0.05575005360317014,
    0.029246622179468534,
    0.4814419165347589
  ],
  "provenance": {
    "H_steps": 8,
    "K_steps": 8,
    "algorithm": "exact_ranked_training_examples_train_only_minmax_v1",
    "cell_id": "learned_training_checkpoint__M5B-RET-01__visual__recap_hand_ret__seed20260711",
    "experiment_id": "M5B-RET-01",
    "heldout_data_used": false,
    "method_id": "recap_hand_ret",
    "query_weight_rule": "one_over_effective_k_sum_one",
    "retrieval_index_sha256": "202725a1a3016abb082ef892155d763a86730b599ed5cbf179e297d688fa11ac",
    "retrieval_modality": "visual",
    "seed": 20260711,
    "split": "train",
    "split_sha256": "1d3ef2377aa19938b06646f6d5fc31ec9f275fc9f37e253e1e9aa5eecdc5a968",
    "target_representation": "residual",
    "time_view_id": "nominal_camera_30hz_segmented",
    "variant_id": "visual"
  },
  "query_bc_target_10d_count": 22896,
  "query_bc_target_10d_max": [
    0.37445953488349915,
    0.6229187250137329,
    0.16995097696781158,
    0.05801715329289436,
    1.0,
    0.2744050920009613,
    1.0,
    0.3384172320365906,
    0.16042566299438477,
    1.0
  ],
  "query_bc_target_10d_mean": [
    0.2230896906696838,
    0.43169330088011687,
    0.039644180305160454,
    -0.013197760003405551,
    0.9975401120615706,
    0.010257060683630765,
    0.997909134507679,
    0.013443055505412624,
    -0.0014295454918814303,
    0.5415356394129979
  ],
  "query_bc_target_10d_min": [
    0.004437448922544718,
    0.2363467663526535,
    -7.600000344609725e-07,
    -0.3398115932941437,
    0.9344566464424133,
    -0.02078249491751194,
    0.9395837187767029,
    -0.04206226021051407,
    -0.20067240297794342,
    0.0
  ],
  "query_bc_target_10d_std": [
    0.0852636965004575,
    0.10445763725244668,
    0.03847504802970388,
    0.054606127964454826,
    0.009741817460604712,
    0.0394664987387391,
    0.008695053594996636,
    0.05544045185300345,
    0.029074940935102257,
    0.49827180399718646
  ],
  "ranked_example_count": 2862,
  "residual_10d_count": 22896,
  "residual_10d_max": [
    0.16191838681697845,
    0.19178038835525513,
    0.16395177692174911,
    0.14516113657806357,
    0.038581373555408915,
    0.1561824799610872,
    0.04000013685903003,
    0.07462465297921128,
    0.15837044706960093,
    1.0
  ],
  "residual_10d_mean": [
    0.001290893818192076,
    0.002462786279363619,
    -0.001073978107665751,
    0.00013231629949092763,
    1.5619893220231162e-05,
    0.00021808904158216363,
    2.44798355390677e-05,
    -7.878465303664976e-05,
    -0.00025083922648595964,
    -0.09342243186582809
  ],
  "residual_10d_min": [
    -0.10261368751525879,
    -0.355610728263855,
    -0.20462458208203316,
    -0.07835193736821149,
    -0.026501659859195947,
    -0.11687366639110097,
    -0.01637910170037593,
    -0.13919595806638901,
    -0.11962115421727404,
    -1.0
  ],
  "residual_10d_std": [
    0.015770644442068816,
    0.02195164728489089,
    0.017361720187816208,
    0.006306085024558115,
    0.0016612565521974,
    0.006946650542264012,
    0.0014506871062616347,
    0.006265489777823366,
    0.008524914178859798,
    0.6636846770507507
  ],
  "residual_norm_p99": 1.0064894348510953,
  "schema_version": "human2robot-m5b-p2-train-statistics-v1"
}
