{
  "created_at_utc": "2026-07-13T14:04:14.404248+00:00",
  "future_state_transition_10d_count": 22896,
  "future_state_transition_10d_max": [
    0.05072838068008423,
    0.07294145226478577,
    0.051504455506801605,
    0.007724344730377197,
    0.003598451614379883,
    0.02161020040512085,
    0.0023058652877807617,
    0.01143907755613327,
    0.021087508648633957,
    1.0
  ],
  "future_state_transition_10d_mean": [
    5.6043079814071177e-05,
    0.0001428346706073989,
    4.040438385821807e-05,
    -2.2522115885414717e-05,
    -6.406976054549467e-06,
    2.3145341500135044e-05,
    -4.029467670672595e-06,
    2.6440372756148144e-05,
    -7.49450351906366e-06,
    0.0
  ],
  "future_state_transition_10d_min": [
    -0.04588836431503296,
    -0.09542280435562134,
    -0.07285417430102825,
    -0.012010455131530762,
    -0.003895580768585205,
    -0.01597873866558075,
    -0.003324747085571289,
    -0.007272899150848389,
    -0.03241437394171953,
    -1.0
  ],
  "future_state_transition_10d_std": [
    0.0024831448456938817,
    0.0032639964103297705,
    0.002967867167295121,
    0.0008618103204454497,
    0.0002361222042642812,
    0.0010793210409714878,
    0.00018622698948770418,
    0.0008365438356573184,
    0.0013792552442331786,
    0.0825434260906081
  ],
  "original_query_count": 954,
  "pool_action_10d_count": 22896,
  "pool_action_10d_max": [
    0.4287277162075043,
    0.7385391294956207,
    0.24720147717744112,
    0.08789440650213444,
    0.9999999999999647,
    0.3161367085738581,
    0.9999999999999292,
    0.36208003000495775,
    0.18680663881155216,
    1.0
  ],
  "pool_action_10d_mean": [
    0.22308900731941214,
    0.43137738016674165,
    0.03941420983089044,
    -0.013111274903908276,
    0.9975464388282593,
    0.01028224533689087,
    0.9979199348752749,
    0.013339378751261009,
    -0.0012695016844430705,
    0.5532407407407407
  ],
  "pool_action_10d_min": [
    0.0037348433397710323,
    0.051673874258995056,
    -0.06845218238830597,
    -0.3638045475799174,
    0.926582792859292,
    -0.025562857211742153,
    0.930481642284288,
    -0.06473043204546317,
    -0.22810299542716833,
    0.0
  ],
  "pool_action_10d_std": [
    0.08564018140194511,
    0.10526604758683603,
    0.039372583181929474,
    0.05448570402757481,
    0.009732484460795651,
    0.03949758328394914,
    0.008681678803438349,
    0.05524356289089024,
    0.029138121611309388,
    0.49715734282567453
  ],
  "provenance": {
    "H_steps": 8,
    "K_steps": 8,
    "algorithm": "exact_ranked_training_examples_train_only_minmax_v1",
    "cell_id": "learned_training_checkpoint__M5B-RET-01__geometry__recap_hand_ret__seed20260711",
    "experiment_id": "M5B-RET-01",
    "heldout_data_used": false,
    "method_id": "recap_hand_ret",
    "query_weight_rule": "one_over_effective_k_sum_one",
    "retrieval_index_sha256": "de9ff57bb499942c8640d9797b1595716961113de09bdd9636fa102fe858c06d",
    "retrieval_modality": "geometry",
    "seed": 20260711,
    "split": "train",
    "split_sha256": "1d3ef2377aa19938b06646f6d5fc31ec9f275fc9f37e253e1e9aa5eecdc5a968",
    "target_representation": "residual",
    "time_view_id": "nominal_camera_30hz_segmented",
    "variant_id": "geometry"
  },
  "query_bc_target_10d_count": 22896,
  "query_bc_target_10d_max": [
    0.37445953488349915,
    0.6229187250137329,
    0.16995097696781158,
    0.05801715329289436,
    1.0,
    0.2744050920009613,
    1.0,
    0.3384172320365906,
    0.16042566299438477,
    1.0
  ],
  "query_bc_target_10d_mean": [
    0.2230896906696838,
    0.43169330088011687,
    0.039644180305160454,
    -0.013197760003405551,
    0.9975401120615706,
    0.010257060683630765,
    0.997909134507679,
    0.013443055505412624,
    -0.0014295454918814303,
    0.5415356394129979
  ],
  "query_bc_target_10d_min": [
    0.004437448922544718,
    0.2363467663526535,
    -7.600000344609725e-07,
    -0.3398115932941437,
    0.9344566464424133,
    -0.02078249491751194,
    0.9395837187767029,
    -0.04206226021051407,
    -0.20067240297794342,
    0.0
  ],
  "query_bc_target_10d_std": [
    0.0852636965004575,
    0.10445763725244668,
    0.03847504802970388,
    0.054606127964454826,
    0.009741817460604712,
    0.0394664987387391,
    0.008695053594996636,
    0.05544045185300345,
    0.029074940935102257,
    0.49827180399718646
  ],
  "ranked_example_count": 2862,
  "residual_10d_count": 22896,
  "residual_10d_max": [
    0.12387917935848236,
    0.20254391431808472,
    0.1577858254313469,
    0.057646631858298436,
    0.021201917372908774,
    0.07935473531396067,
    0.016010591271145347,
    0.07462465297921128,
    0.1196445359842873,
    1.0
  ],
  "residual_10d_mean": [
    6.833502716579423e-07,
    0.00031592071337519954,
    0.00022997047426987052,
    -8.648509949755793e-05,
    -6.326766615469618e-06,
    -2.5184653260080905e-05,
    -1.0800367480011793e-05,
    0.00010367675415246231,
    -0.00016004380743835767,
    -0.011705101327742837
  ],
  "residual_10d_min": [
    -0.1873573362827301,
    -0.25010040402412415,
    -0.13179719913750887,
    -0.07835193736821149,
    -0.017563505697800297,
    -0.1041238563110797,
    -0.010472474113064734,
    -0.04782949947567125,
    -0.11962115421727405,
    -1.0
  ],
  "residual_10d_std": [
    0.011470208446686385,
    0.014392273189752749,
    0.012459901261865159,
    0.004259192317417312,
    0.0011613364484243528,
    0.005712940702517131,
    0.0008561358140668562,
    0.004089745721943313,
    0.006218037011002335,
    0.5484422636237747
  ],
  "residual_norm_p99": 1.0025460704107405,
  "schema_version": "human2robot-m5b-p2-train-statistics-v1"
}
