{
  "created_at_utc": "2026-07-13T14:49:18.499186+00:00",
  "future_state_transition_10d_count": 7248,
  "future_state_transition_10d_max": [
    0.07566320896148682,
    0.11500495672225952,
    0.06702598184347153,
    0.02109496295452118,
    0.009474635124206543,
    0.05417972058057785,
    0.006741762161254883,
    0.0314067080616951,
    0.04803423583507538,
    1.0
  ],
  "future_state_transition_10d_mean": [
    0.0001033392691651717,
    0.0005523298947226923,
    0.00010330614386363222,
    -7.59880792887889e-05,
    -1.9077557009576962e-05,
    5.8782285221080065e-05,
    -1.308001232463003e-05,
    8.786509383963922e-05,
    -2.6823823063088205e-05,
    -0.0008278145695364238
  ],
  "future_state_transition_10d_min": [
    -0.03384202718734741,
    -0.0816325843334198,
    -0.05923648923635483,
    -0.03297740966081619,
    -0.00935828685760498,
    -0.03810936212539673,
    -0.006739258766174316,
    -0.019936442375183105,
    -0.0832414859905839,
    -1.0
  ],
  "future_state_transition_10d_std": [
    0.006081099076847919,
    0.007668580058844058,
    0.0067459569539394726,
    0.0025306716626914937,
    0.0006883583253760679,
    0.003075544763151363,
    0.0005417917534189972,
    0.0024681663623161714,
    0.003996696967433682,
    0.14385645262361604
  ],
  "original_query_count": 302,
  "pool_action_10d_count": 7248,
  "pool_action_10d_max": [
    0.5004843771457672,
    0.8150922358036041,
    0.2583889923989773,
    0.08016689288204028,
    0.9999999999999647,
    0.3502962237230838,
    0.9999999999999292,
    0.38101931478047757,
    0.21072813864727954,
    1.0
  ],
  "pool_action_10d_mean": [
    0.2263554405330045,
    0.43719687886437436,
    0.04061485015432243,
    -0.013402938742966131,
    0.9973950834044202,
    0.010257171687133684,
    0.9976789187383163,
    0.013577644208191192,
    -0.0009540727831615141,
    0.5139348785871964
  ],
  "pool_action_10d_min": [
    -0.01025332324206829,
    0.09936603903770447,
    -0.12806947257666934,
    -0.388231640705625,
    0.9121488115295997,
    -0.07767159281572125,
    0.9068881792977888,
    -0.08130947559645241,
    -0.4202902612094452,
    0.0
  ],
  "pool_action_10d_std": [
    0.08903941502840075,
    0.10843188748096039,
    0.045740318673240125,
    0.05581039566250723,
    0.010447790428467095,
    0.041161179209425344,
    0.009608898696739974,
    0.05643342489341476,
    0.03427025020036082,
    0.4998057814378886
  ],
  "provenance": {
    "H_steps": 8,
    "K_steps": 8,
    "algorithm": "exact_ranked_training_examples_train_only_minmax_v1",
    "cell_id": "learned_training_checkpoint__M5B-TIME-01__policy_clock_10hz__recap_hand_ret__seed20260711",
    "experiment_id": "M5B-TIME-01",
    "heldout_data_used": false,
    "method_id": "recap_hand_ret",
    "query_weight_rule": "one_over_effective_k_sum_one",
    "retrieval_index_sha256": "f4e8d4f5bfad1fdc1f2ec566842abda3ea40f4434418a2db83efeeaf114d93c3",
    "retrieval_modality": "phase",
    "seed": 20260711,
    "split": "train",
    "split_sha256": "1d3ef2377aa19938b06646f6d5fc31ec9f275fc9f37e253e1e9aa5eecdc5a968",
    "target_representation": "residual",
    "time_view_id": "policy_clock_10hz",
    "variant_id": "policy_clock_10hz"
  },
  "query_bc_target_10d_count": 7248,
  "query_bc_target_10d_max": [
    0.3741997480392456,
    0.6229182481765747,
    0.16995097696781158,
    0.057998523116111755,
    1.0,
    0.2744050920009613,
    1.0,
    0.33825814723968506,
    0.16042034327983856,
    1.0
  ],
  "query_bc_target_10d_mean": [
    0.22663158047844081,
    0.43582309215076714,
    0.040563940135542494,
    -0.013830348515081536,
    0.9974264110753078,
    0.010579765451137623,
    0.9978060904421554,
    0.01407427095633224,
    -0.0013863539254856316,
    0.5165562913907285
  ],
  "query_bc_target_10d_min": [
    0.004438125994056463,
    0.2363467663526535,
    -7.140000093386334e-07,
    -0.33965009450912476,
    0.9345071911811829,
    -0.02078249491751194,
    0.9395837187767029,
    -0.042045384645462036,
    -0.2006566822528839,
    0.0
  ],
  "query_bc_target_10d_std": [
    0.08537705823299366,
    0.10458390501695365,
    0.03861785444620326,
    0.05590397058964245,
    0.009961358523098214,
    0.04016045374612107,
    0.0089021986614139,
    0.05674108729862116,
    0.029735472178753924,
    0.49972581403743666
  ],
  "ranked_example_count": 906,
  "residual_10d_count": 7248,
  "residual_10d_max": [
    0.2535477429628372,
    0.27839334309101105,
    0.15916547924280167,
    0.08583803007413171,
    0.03884779474175515,
    0.2290129384616128,
    0.09190846252884088,
    0.13911808196515843,
    0.3889714215700199,
    1.0
  ],
  "residual_10d_mean": [
    0.0002761399454363184,
    -0.0013737867136072639,
    -5.091001878007788e-05,
    -0.00042740977211536683,
    3.1327670902523634e-05,
    0.00032259376400392944,
    0.00012717170390699352,
    0.0004966267481412715,
    -0.00043228114232411546,
    0.0026214128035320088
  ],
  "residual_10d_min": [
    -0.20943841338157654,
    -0.3325572907924652,
    -0.2297989223152399,
    -0.15130677161631836,
    -0.03546325810646023,
    -0.17238173438802276,
    -0.02190031395940828,
    -0.09610892972268376,
    -0.3384589628365041,
    -1.0
  ],
  "residual_10d_std": [
    0.029160862467276744,
    0.03803400274911586,
    0.030965510333163988,
    0.01071360247053091,
    0.003141275648990695,
    0.015527319613673736,
    0.0031746748112316627,
    0.0105288971936993,
    0.022765607755635128,
    0.489535949727587
  ],
  "residual_norm_p99": 1.016721116340476,
  "schema_version": "human2robot-m5b-p2-train-statistics-v1"
}
