{
  "results": [
    {
      "requested_pool_size_per_task": "1",
      "effective_pool_size_per_task_median": 1.0,
      "retrieval_phase_error_median": 0.4897959183673469,
      "methods": {
        "no_retrieval": {
          "sample_count": 153,
          "canonical_error_median": 0.026190590614577625,
          "position_error_median_canonical": 0.006333833318125322,
          "orientation_error_median_rad": 0.0006093438286466678,
          "gripper_error_median": 0.0207902918020349,
          "final_position_error_median_canonical": 0.0124852336332147,
          "rotation_projection_fallback_count": 0
        },
        "retrieval_only": {
          "sample_count": 153,
          "canonical_error_median": 0.013482340013406622,
          "position_error_median_canonical": 0.004556015843416128,
          "orientation_error_median_rad": 5.318691819183516e-07,
          "gripper_error_median": 0.0,
          "final_position_error_median_canonical": 0.009031386460891414,
          "rotation_projection_fallback_count": 0
        },
        "co_training": {
          "sample_count": 153,
          "canonical_error_median": 0.02007731599998354,
          "position_error_median_canonical": 0.0059750373230079284,
          "orientation_error_median_rad": 0.0006682905412458358,
          "gripper_error_median": 0.011169598586813045,
          "final_position_error_median_canonical": 0.011927325357644172,
          "rotation_projection_fallback_count": 0
        },
        "recap_hand_ret": {
          "sample_count": 153,
          "canonical_error_median": 0.02007849786020907,
          "position_error_median_canonical": 0.00597770066622114,
          "orientation_error_median_rad": 0.0006697645604179164,
          "gripper_error_median": 0.011166537416211653,
          "final_position_error_median_canonical": 0.011927066622167574,
          "rotation_projection_fallback_count": 0
        }
      }
    },
    {
      "requested_pool_size_per_task": "2",
      "effective_pool_size_per_task_median": 2.0,
      "retrieval_phase_error_median": 0.4897959183673469,
      "methods": {
        "no_retrieval": {
          "sample_count": 153,
          "canonical_error_median": 0.026190590614577625,
          "position_error_median_canonical": 0.006333833318125322,
          "orientation_error_median_rad": 0.0006093438286466678,
          "gripper_error_median": 0.020790291802034788,
          "final_position_error_median_canonical": 0.0124852336332147,
          "rotation_projection_fallback_count": 0
        },
        "retrieval_only": {
          "sample_count": 153,
          "canonical_error_median": 0.012879885882940388,
          "position_error_median_canonical": 0.004397229215910745,
          "orientation_error_median_rad": 5.318691819183516e-07,
          "gripper_error_median": 0.0,
          "final_position_error_median_canonical": 0.008856894062647239,
          "rotation_projection_fallback_count": 0
        },
        "co_training": {
          "sample_count": 153,
          "canonical_error_median": 0.02033886561830088,
          "position_error_median_canonical": 0.006005405335454284,
          "orientation_error_median_rad": 0.0006693793508375348,
          "gripper_error_median": 0.011171705287531197,
          "final_position_error_median_canonical": 0.01179435595637383,
          "rotation_projection_fallback_count": 0
        },
        "recap_hand_ret": {
          "sample_count": 153,
          "canonical_error_median": 0.020338256769542686,
          "position_error_median_canonical": 0.00600527502243197,
          "orientation_error_median_rad": 0.0006696565896063964,
          "gripper_error_median": 0.011173816367133771,
          "final_position_error_median_canonical": 0.011793447158383456,
          "rotation_projection_fallback_count": 0
        }
      }
    },
    {
      "requested_pool_size_per_task": "4",
      "effective_pool_size_per_task_median": 4.0,
      "retrieval_phase_error_median": 0.24489795918367346,
      "methods": {
        "no_retrieval": {
          "sample_count": 153,
          "canonical_error_median": 0.026190590614577625,
          "position_error_median_canonical": 0.006333833318125322,
          "orientation_error_median_rad": 0.0006093438286466678,
          "gripper_error_median": 0.020790291802034788,
          "final_position_error_median_canonical": 0.0124852336332147,
          "rotation_projection_fallback_count": 0
        },
        "retrieval_only": {
          "sample_count": 153,
          "canonical_error_median": 0.33465385253670576,
          "position_error_median_canonical": 0.010715814111462439,
          "orientation_error_median_rad": 5.322864979354132e-07,
          "gripper_error_median": 0.33333333333333337,
          "final_position_error_median_canonical": 0.028500976723300417,
          "rotation_projection_fallback_count": 0
        },
        "co_training": {
          "sample_count": 153,
          "canonical_error_median": 0.1169748028351072,
          "position_error_median_canonical": 0.006643698649922391,
          "orientation_error_median_rad": 0.0012336888778330182,
          "gripper_error_median": 0.11478324109623106,
          "final_position_error_median_canonical": 0.01534641104221832,
          "rotation_projection_fallback_count": 0
        },
        "recap_hand_ret": {
          "sample_count": 153,
          "canonical_error_median": 0.11696791142370333,
          "position_error_median_canonical": 0.006641873303425402,
          "orientation_error_median_rad": 0.0012347763111202593,
          "gripper_error_median": 0.11479211317536347,
          "final_position_error_median_canonical": 0.015346352063642795,
          "rotation_projection_fallback_count": 0
        }
      }
    },
    {
      "requested_pool_size_per_task": "8",
      "effective_pool_size_per_task_median": 8.0,
      "retrieval_phase_error_median": 0.10840108401084003,
      "methods": {
        "no_retrieval": {
          "sample_count": 153,
          "canonical_error_median": 0.026190590614577625,
          "position_error_median_canonical": 0.006333833318125322,
          "orientation_error_median_rad": 0.0006093438286466678,
          "gripper_error_median": 0.020790291802034788,
          "final_position_error_median_canonical": 0.0124852336332147,
          "rotation_projection_fallback_count": 0
        },
        "retrieval_only": {
          "sample_count": 153,
          "canonical_error_median": 0.029753873043900245,
          "position_error_median_canonical": 0.005488385132758939,
          "orientation_error_median_rad": 5.322864979354132e-07,
          "gripper_error_median": 0.0,
          "final_position_error_median_canonical": 0.01564798590169524,
          "rotation_projection_fallback_count": 0
        },
        "co_training": {
          "sample_count": 153,
          "canonical_error_median": 0.026421620128653303,
          "position_error_median_canonical": 0.0068312941938866506,
          "orientation_error_median_rad": 0.0006906575821920322,
          "gripper_error_median": 0.011166841801757421,
          "final_position_error_median_canonical": 0.012482647733947937,
          "rotation_projection_fallback_count": 0
        },
        "recap_hand_ret": {
          "sample_count": 153,
          "canonical_error_median": 0.026452906200126157,
          "position_error_median_canonical": 0.006833068911662819,
          "orientation_error_median_rad": 0.0006927219293289405,
          "gripper_error_median": 0.011163330391760762,
          "final_position_error_median_canonical": 0.012482674886244702,
          "rotation_projection_fallback_count": 0
        }
      }
    },
    {
      "requested_pool_size_per_task": "all",
      "effective_pool_size_per_task_median": 46.0,
      "retrieval_phase_error_median": 0.020408163265306145,
      "methods": {
        "no_retrieval": {
          "sample_count": 153,